id,x,y,z
2,0.6173355002402307,-7.034219617030183,0.0
3,5.591885549167182,7.293624483184388,0.0
4,-10.910920555723422,-1.9299882160350985,0.0
5,10.808353186553976,-6.8753895751332355,0.0
6,-3.7438868643751926,13.927072523148507,0.0
7,-7.347499531784718,-14.147163242776791,0.0
8,16.331842163740422,5.964362564146835,0.0
9,-17.350200686929142,7.161910625810495,0.0
10,8.519627321406006,-18.205948727972146,0.0
11,6.400310773476739,20.405199291980097,0.0
12,-19.57953896115101,-11.34674303972185,0.0
13,23.282312170678022,-5.118551018704302,0.0
14,-14.386704646736483,20.463606920219974,0.0
15,-3.3621035629507023,-25.945121151440997,0.0
16,20.86184069960866,17.5823814275038,0.0
17,-28.35523756299951,1.1725780957793412,0.0
18,20.87763849232193,-20.77603879651558,0.0
19,-1.4091716963700374,30.474637145214686,0.0
20,-20.20891204669228,-24.21703068179181,0.0
21,32.267040048958044,4.3414846015715405,0.0
22,-27.54580506245008,19.1656536942181,0.0
23,7.581118202646798,-33.698830490417755,0.0
24,17.65485825847168,30.810081723001982,0.0
25,-34.73972626467071,-11.08292019438718,0.0
26,33.95714167698718,-15.689060744212311,0.0
27,-14.799770615473923,35.36329528597646,0.0
28,-13.28503422445825,-36.93577948008615,0.0
29,35.54736679173942,18.68269972998167,0.0
30,-39.696693316746554,10.463920961069979,0.0
31,22.68112555945947,-35.27436149620892,0.0
32,7.251240580327172,42.19289379601437,0.0
33,-34.53155336304771,-26.743175858431297,0.0
34,44.380117724225485,-3.6768020360943923,0.0
35,-30.81607089807064,33.31126967813488,0.0
36,0.22546317098426297,-46.217236264871104,0.0
37,31.611032973799723,34.84655013851309,0.0
38,-47.66664897009288,-4.417734312744522,0.0
39,38.7813299135074,-29.43364674697937,0.0
40,-8.858592130030459,48.69465661849213,0.0
41,-26.787226148545848,-42.567581770838714,0.0
42,49.271806871946715,13.503359517763588,0.0
43,-46.15342273947659,23.685174539190548,0.0
44,18.304485834356008,-49.373207617087985,0.0
45,20.146106809651812,49.488409889564295,0.0
46,-48.97880357326231,-23.2119690488005,0.0
47,52.5240323261427,-16.193720535126754,0.0
48,-28.173810247835416,48.07361238205691,0.0
49,-11.856616306944604,-55.214194340138974,0.0
50,46.64791697704044,33.136495175274874,0.0
51,-57.51568391003526,7.168068916515433,0.0
52,38.04549753454021,-44.69741158666857,0.0
53,2.1657514296213205,59.388621154841836,0.0
54,-42.223299260618546,-42.84579879776838,0.0
55,60.79688171541287,3.1085854353334104,0.0
56,-47.48241925957351,39.232339337223756,0.0
57,8.609475836516303,-61.708490407127684,0.0
58,35.736843790686024,51.90095507010582,0.0
59,-62.095980855431606,-14.28814009207889,0.0
60,56.04811599359195,-31.75462191257005,0.0
61,-20.09292121766866,61.93671720456868,0.0
62,-27.308873292379594,-59.87225867397902,0.0
63,61.21317438356372,25.969752894630442,0.0
64,-63.323910254742806,22.42802956517553,0.0
65,31.862654750732847,-59.91317382421231,0.0
66,17.145545888174958,66.35627729915471,0.0
67,-58.030071953985,-37.71425057278109,0.0
68,68.9257350928568,-11.499643590168391,0.0
69,-43.466304843797566,55.56289923149945,0.0
70,-5.533005904491347,-70.99229258358119,0.0
71,52.516447951874554,49.06027280914007,0.0
72,-72.52002842358188,-0.7075708550723698,0.0
73,54.43785912827523,-48.90130752143577,0.0
74,-7.171567888984056,73.47749382832252,0.0
75,-44.73384638303941,-59.54158006360451,0.0
76,73.83807824906069,13.805173088417888,0.0
77,-64.3153240961753,40.036140261330104,0.0
78,20.551745230433006,-73.58033417552197,0.0
79,34.835846888148524,68.70490584096778,0.0
80,-72.688257735726,-27.3523092854248,0.0
81,72.65860816235536,-29.16602785814966,0.0
82,-34.14607862108539,71.15152214067813,0.0
83,-23.064918749712163,-76.12770746318317,0.0
84,68.96566142916993,40.87099961422658,0.0
85,-79.06697723835376,16.575649122438687,0.0
86,47.464313947867446,-66.13220239912465,0.0
87,9.74591446602179,81.43516514505266,0.0
88,-62.65874306334698,-53.86313367794638,0.0
89,83.19543904558144,-2.627602622161287,0.0
90,-60.00502400380439,58.55897643539581,0.0
91,4.723622372420985,-84.31579772367682,0.0
92,53.85265893184711,65.82858857036278,0.0
93,-84.76944225917879,-12.248775671412243,0.0
94,71.27405206898813,-48.565523166288266,0.0
95,-19.88604250764816,84.53510436676316,0.0
96,-42.7291354039343,-76.28383488891073,0.0
97,83.59732835952138,27.571300516186437,0.0
98,-80.80311460212322,36.380698439522135,0.0
99,35.23866911290972,-81.94670378455338,0.0
100,29.562801150970945,84.78036914177994,0.0
101,-79.58004619226362,-42.82108127671761,0.0
102,88.16789665687905,-22.323116462789674,0.0
103,-50.2508728496303,76.50052394020958,0.0
104,-14.714049922453405,-90.92230719340768,0.0
105,72.71772939255321,57.46038427666645,0.0
106,-93.00498156308443,6.792341545600188,0.0
107,64.3825695583184,-68.24769335345395,0.0
108,-1.3813759818834743,94.38249301360877,0.0
109,-63.11284206313661,-70.95160708411028,0.0
110,95.02698760698696,9.743059248910004,0.0
111,-77.10350695728522,57.34189658467885,0.0
112,18.225772335403047,-94.91651954270532,0.0
113,50.969714913538006,82.77670940883067,0.0
114,-94.03533802760442,-26.760237075050455,0.0
115,87.91266893415174,-44.03707764615697,0.0
116,-35.27541082580557,92.3741226913031,0.0
117,-36.59041854431686,-92.45641886767483,0.0
118,89.93016497166052,43.69908693259298,0.0
119,-96.35711123906363,28.68150182386854,0.0
120,51.958512829725706,-86.70749334560101,0.0
121,20.367048475988213,99.56852692861925,0.0
122,-82.71694075276594,-59.981020536087264,0.0
123,102.04955135775225,-11.708314391541156,0.0
124,-67.69466414540476,77.97615304918357,0.0
125,-2.7706235010889997,-103.76461121123567,0.0
126,72.50953783113533,75.02885880914155,0.0
127,-104.68406798956696,-6.3771404400105265,0.0
128,81.91501565137627,-66.34815348154817,0.0
129,-15.663079403373013,104.78456452962241,0.0
130,-59.529538808160545,-88.28716704445955,0.0
131,104.04932100727612,25.012859601591483,0.0
132,-94.0825767115668,52.097484160011845,0.0
133,34.350318268427365,-102.46837734374107,0.0
134,44.10174542206618,99.24232920745096,0.0
135,-100.03877937477901,-43.5980937258654,0.0
136,103.71189346129783,-35.59770279259313,0.0
137,-52.67827351621361,96.76470660504634,0.0
138,-26.645966739930238,-107.44165524473728,0.0
139,92.65753985490065,61.51305517802298,0.0
140,-110.38741365251835,17.31193401017265,0.0
141,70.02541409023202,-87.73586760997966,0.0
142,7.665297011031573,112.5108369514661,0.0
143,-82.02543040056958,-78.1397727012401,0.0
144,113.77987346308674,2.220489674472401,0.0
145,-85.7826653995938,75.55900306402872,0.0
146,12.268781491229788,-114.1691134941729,0.0
147,68.37621527458288,92.88339327185709,0.0
148,-113.66009871530183,-22.400350312285315,0.0
149,99.37466303077888,-60.52331125665731,0.0
150,-32.53402018503105,112.24157580608332,0.0
151,-52.05285012557517,-105.19320448369362,0.0
152,109.90969163514104,42.587327280381366,0.0
153,-110.28036104632774,43.02334881874291,0.0
154,52.47719865153613,-106.6681277184149,0.0
155,33.498870086776,114.58264799017451,0.0
156,-102.52817219761641,-62.12064420258875,0.0
157,118.05227334104426,-23.5485585030592,0.0
158,-71.43545610692546,97.50872809747386,0.0
159,-13.246127917735498,-120.64761662064882,0.0
160,91.63625715151242,80.34090980274104,0.0
161,-122.33366094010228,2.669304223991214,0.0
162,88.75846062931542,-84.94465902713326,0.0
163,-8.100772283141081,123.0823743116065,0.0
164,-77.47508632717685,-96.61243015379962,0.0
165,122.87303643957756,18.980180296071136,0.0
166,-103.8306762745833,69.2756962924102,0.0
167,29.882881630055763,-121.69250768197176,0.0
168,60.4013406728584,110.34524127386598,0.0
169,-119.53543733316971,-40.72141079992547,0.0
170,116.09297212845514,-50.91319577096033,0.0
171,-51.40758447283735,116.40440886785761,0.0
172,-40.878335181827374,-121.01610757310856,0.0
173,112.31002029684836,61.85322501662056,0.0
174,-125.06282664398587,30.369248260437402,0.0
175,71.97089219472738,-107.27089831674547,0.0
176,19.46330782882227,128.1877537088612,0.0
177,-101.31364548126842,-81.67461693942758,0.0
178,130.3524153140988,-8.24219109324746,0.0
179,-90.88063106541932,94.47272017855025,0.0
180,3.20874183145713,-131.5256445432649,0.0
181,86.79024976115277,99.50808676763184,0.0
182,-131.68392898598776,-14.801106999863004,0.0
183,107.47975978008776,-78.31577773925561,0.0
184,-26.444188169485653,130.81169885512855,0.0
185,-69.10594650775566,-114.72273015733778,0.0
186,128.90155226203873,38.04565532746983,0.0
187,-121.16903477580844,59.22411763015475,0.0
188,49.51230447562453,-125.95441515993593,0.0
189,48.7399322414515,126.756285838613,0.0
190,-121.97963399022309,-60.75081271256833,0.0
191,131.4282499027372,-37.72881465419915,0.0
192,-71.66850247339532,116.99499961170389,0.0
193,-26.27142275198895,-135.13538223039006,0.0
194,111.02670165365487,82.17410865887966,0.0
195,-137.83531159466344,14.453049228484497,0.0
196,92.17854230895668,-104.10921300617335,0.0
197,2.3629781739247555,139.49327104098464,0.0
198,-96.28510474012037,-101.5956444505991,0.0
199,140.08247051750604,9.906198079798658,0.0
200,-110.34292377794006,87.60479233001502,0.0
201,22.259296572474152,-139.58440773617076,0.0
202,78.12621463113564,118.34227190355712,0.0
203,-137.98911410847634,-34.599290173954394,0.0
204,125.5206500533219,-67.91444763232134,0.0
205,-46.828076987840156,135.29533311198014,0.0
206,-57.04125556363829,-131.8107412626253,0.0
207,131.5106289813735,58.84726656120475,0.0
208,-137.15156236784904,45.58458247849916,0.0
209,70.5589765707053,-126.6514241771879,0.0
210,33.62798794840655,141.48903037205667,0.0
211,-120.74296466139567,-81.86663351605502,0.0
212,144.77647809597926,-21.260031000792136,0.0
213,-92.67577086496885,113.81921259766929,0.0
214,-8.57360689219734,-146.9751144020399,0.0
215,105.92266669008654,102.89481806041012,0.0
216,-148.0544246975698,-4.334758263734144,0.0
217,112.43587382188595,-97.10411097272672,0.0
218,-17.3656496050628,147.99250788033805,0.0
219,-87.4222934589754,-121.21545724784745,0.0
220,146.77634638152713,30.417536611621635,0.0
221,-129.15523035568503,76.94353664849768,0.0
222,43.387571118572204,-144.4020064845056,0.0
223,65.74128246685088,136.182685878659,0.0
224,-140.87476664807153,-56.172403941135855,0.0
225,142.23179437421248,-53.89557477274331,0.0
226,-68.66901359376025,136.2091721359063,0.0
227,-41.4924831062869,-147.24360498388825,0.0
228,130.42901484521937,80.7755404346778,0.0
229,-151.16679451949125,28.62347186366054,0.0
230,92.39211946822897,-123.56723783223497,0.0
231,15.384719565029659,153.9581599307735,0.0
232,-115.66576464539692,-103.42170499361171,0.0
233,155.58304963395605,-1.8763933290403212,0.0
234,-113.77088030071532,106.7752541938611,0.0
235,11.798115924546831,-156.01572964457355,0.0
236,96.95478249437633,123.35064568119053,0.0
237,-155.2396809590694,-25.532991657563535,0.0
238,132.07717814683835,-86.27145324801026,0.0
239,-39.22081707438609,153.24782516310813,0.0
240,-74.79993979573528,-139.87255642541058,0.0
241,150.04267580687568,52.753421182948216,0.0
242,-146.6654450366231,62.62196158228124,0.0
243,66.02273885711547,-145.63641367404927,0.0
244,49.8256988169434,152.3917315358826,0.0
245,-140.05088467710377,-78.9216780345424,0.0
246,156.99511134842746,-36.50514955309676,0.0
247,-91.34498707184886,133.31751973231457,0.0
248,-22.759433910576796,-160.4276149997423,0.0
249,125.47717659824522,103.19011522285632,0.0
250,-162.65007297641975,8.692050632522355,0.0
251,114.35805920654185,-116.57990429657927,0.0
252,-5.589908403307558,163.63251392190284,0.0
253,-106.68463136870801,-124.75418888965996,0.0
254,163.3544923801807,19.97657971308821,0.0
255,-134.28904522454752,95.85877985034374,0.0
256,34.35617943025415,-161.8053428436247,0.0
257,84.17780746441342,142.87910375489213,0.0
258,-158.98435743453408,-48.615877588313715,0.0
259,150.44749723017028,-71.72468113449669,0.0
260,-62.64268858964216,154.9008851491351,0.0
261,-58.58928550209311,-156.9246911515534,0.0
262,149.57435121301913,76.32437080273736,0.0
263,-162.2491064063844,44.86777068616784,0.0
264,89.55032810249249,-143.03419573341452,0.0
265,30.661844048047552,166.36768353246313,0.0
266,-135.31973148116901,-102.21250609758405,0.0
267,169.23638358453712,-16.078011214353186,0.0
268,-114.20627577703688,126.47992128869637,0.0
269,-1.2267720610587851,-170.82062105037292,0.0
270,116.5730762041268,125.4312973548788,0.0
271,-171.0956247790002,-13.77822223095679,0.0
272,135.792357197535,-105.66647619118932,0.0
273,-28.821044577929456,170.04672343524936,0.0
274,-93.83591580364545,-145.20017088275236,0.0
275,167.66955257829662,43.78439307122914,0.0
276,-153.5721456604239,81.16517788713044,0.0
277,58.550510691943344,-163.9701810730574,0.0
278,67.74543896488346,160.83309586327647,0.0
279,-158.96515517714704,-73.00211641992385,0.0
280,166.915905147088,-53.67461054204024,0.0
281,-87.0233403497203,152.68145929776387,0.0
282,-39.05662111108811,-171.76212982357114,0.0
283,145.15639307708923,100.5006553390636,0.0
284,-175.32253798155438,24.00064415394715,0.0
285,113.32379768873747,-136.43736513623702,0.0
286,8.620277910261292,177.55757957024932,0.0
287,-126.58160448143923,-125.38666938578152,0.0
288,178.43778313904673,6.967316888841956,0.0
289,-136.58821453652482,115.65579124566355,0.0
290,22.642314738356355,-177.94407548684202,0.0
291,103.73560910014416,146.83326276944203,0.0
292,-176.06802106674624,-38.28315161287658,0.0
293,156.03333260153147,-90.90522231663917,0.0
294,-53.76747256111612,172.81197861415444,0.0
295,-77.2566810881628,-164.10738803304162,0.0
296,168.18917311287953,68.9730932235333,0.0
297,-170.98254196271222,62.8892593179346,0.0
298,83.77896769027232,-162.22368188029856,0.0
299,47.90872965841119,176.59470039679763,0.0
300,-154.95033423295217,-98.06615501170577,0.0
301,180.88914185727936,-32.426581119715046,0.0
302,-111.71877663010017,146.41452488338348,0.0
303,-16.55918506499898,-183.8210268746838,0.0
304,136.6719419117023,124.62495701905198,0.0
305,-185.35583297522723,0.4269158650280193,0.0
306,136.67773989758763,-125.78821084585266,0.0
307,-15.846767108406272,185.46971113665938,0.0
308,-113.83845706726805,-147.77597252792614,0.0
309,184.14976028787376,32.136269114272636,0.0
310,-157.82515080909957,100.90678942798428,0.0
311,48.314833961130255,-181.3942170594814,0.0
312,87.0857086158691,166.73821814165456,0.0
313,-177.21255865121066,-64.25553462957465,0.0
314,174.43631135976372,-72.47544443107823,0.0
315,-79.83227282884249,171.62551736206703,0.0
316,-57.18322673397615,-180.8494474040337,0.0
317,164.6650060253248,94.92077959318284,0.0
318,-185.91714483841287,41.32249538758915,0.0
319,109.39960896113566,-156.37395429713192,0.0
320,25.012055041461764,189.5889747947441,0.0
321,-146.80605645917984,-123.15111678173686,0.0
322,191.82503645512432,-8.375181084123291,0.0
323,-136.06241675626882,136.02543210683683,0.0
324,8.461316475876387,-192.59635275137006,0.0
325,124.10620179865934,148.026305952359,0.0
326,-191.88518256824472,-25.368064058990402,0.0
327,158.94215221834946,-111.13198043559025,0.0
328,-42.21412302568032,189.68524637802597,0.0
329,-97.19529181280149,-168.71673617875996,0.0
330,186.00186290355384,58.868007912270215,0.0
331,-177.26504080468936,82.39690843853137,0.0
332,75.19871644560956,-180.85199509989556,0.0
333,66.84512133706575,184.51098192398095,0.0
334,-174.2642044558021,-91.07676324375801,0.0
335,190.3880734623664,-50.654945141872915,0.0
336,-106.37520902703758,166.2785133395241,0.0
337,-33.94726433566108,-194.84002168521826,0.0
338,156.94617584395388,120.97067714513156,0.0
339,-197.8212432371559,16.847927000409864,0.0
340,134.74434927365664,-146.3293583168328,0.0
341,-0.5132070994746364,199.29730234856785,0.0
342,-134.5007314882821,-147.58293224526082,0.0
343,199.24526319091052,18.003256870358616,0.0
344,-159.3795881578396,121.54297682315752,0.0
345,35.48734109560642,-197.65395401101446,0.0
346,107.54821042469025,170.03482014317134,0.0
347,-194.5241403539323,-52.82962261714171,0.0
348,179.45730648232896,-92.61732849255021,0.0
349,-69.89436738123392,189.86860538875877,0.0
350,-76.85927898740502,-187.56467611738603,0.0
351,183.71213607688196,86.54701006716522,0.0
352,-194.28421902967017,60.39026476989363,0.0
353,102.65521791210399,-176.0914146616046,0.0
354,43.332884059587,199.5535254300957,0.0
355,-167.05481570619727,-118.08994430630324,0.0
356,203.32104823345696,-25.815214594137835,0.0
357,-132.7264637603441,156.6621096582854,0.0
358,-7.969848355920838,-205.54658386207456,0.0
359,144.98407466606363,146.44537994072215,0.0
360,-206.20166704055708,-10.067115831123994,0.0
361,159.13359863125098,-132.10201911019342,0.0
362,-28.15711415177095,205.26987589800174,0.0
363,-118.10721803843744,-170.68525770463157,0.0
364,202.74704438171204,46.16018609306918,0.0
365,-181.00260647966732,103.10026739227064,0.0
366,63.93606091785717,-198.641379702166,0.0
367,87.19036059017307,189.99682719304428,0.0
368,-192.97348326698665,-81.3452538595165,0.0
369,197.58879172787312,-70.49449267552335,0.0
370,-98.25016344987485,185.77627431629756,0.0
371,-53.13659784267799,-203.70974721135983,0.0
372,177.09481623717832,114.51616133020563,0.0
373,-208.30192461760493,35.246626717908455,0.0
374,130.0126659015908,-166.98604630494188,0.0
375,16.95957028766026,211.31906508476644,0.0
376,-155.51841036753615,-144.61419124584344,0.0
377,212.7268592743747,1.5855621692671371,0.0
378,-158.20136289151702,142.77140475041446,0.0
379,20.24680338052109,-212.5032957597941,0.0
380,128.8350284066269,170.66189221049143,0.0
381,-210.6389151256707,-38.88031849556692,0.0
382,181.8915015079283,-113.80914906464845,0.0
383,-57.341517216196124,207.13696718536983,0.0
384,-97.80278782871166,-191.79479221017306,0.0
385,202.01346947329952,75.48617901860348,0.0
386,-200.28604895919543,80.9333273572389,0.0
387,93.17158268854455,-195.29716593775316,0.0
388,63.32564937965414,207.28997288511988,0.0
389,-187.02938554176976,-110.25763130414292,0.0
390,212.74233784793856,-45.11120790335879,0.0
391,-126.60796378496342,177.26380126771812,0.0
392,-26.42704500874123,-216.59056401029773,0.0
393,166.066090810601,142.0910441785789,0.0
394,-218.7942037225922,7.414756623505334,0.0
395,156.5812199799358,-153.51350102826265,0.0
396,-11.780583894075866,219.32533536379975,0.0
397,-139.69431898812766,-169.95974097179544,0.0
398,218.16886148197528,31.011536154676183,0.0
399,-182.11573033608562,124.70725320337341,0.0
400,50.12942859595249,-215.3227083116389,0.0
401,108.66072938053719,192.94710011422322,0.0
402,-210.79792450581823,-68.98551102452271,0.0
403,202.3614034871389,-91.67210569956944,0.0
404,-87.43211488492663,204.61867770235574,0.0
405,-73.86681331057146,-210.27661680009044,0.0
406,196.82214834119685,105.32381218598375,0.0
407,-216.62184477011445,55.37742835345707,0.0
408,122.51856397335204,-187.4583209555003,0.0
409,36.34268238241243,221.33794288139464,0.0
410,-176.5896739682257,-138.87884926720116,0.0
411,224.37805159171177,-16.90641860149365,0.0
412,-154.27276548588526,164.29076983097318,0.0
413,2.783498213417442,-225.7080376368642,0.0
414,150.64774813688192,168.57509154990262,0.0
415,-225.30683842450333,-22.576309821786502,0.0
416,181.66830510426865,-135.75772511800318,0.0
417,-42.31952202405799,223.16670624884839,0.0
418,-119.72810369350216,-193.44354561013935,0.0
419,219.29334982757769,61.860082655117765,0.0
420,-203.80151543599973,102.67579896222321,0.0
421,81.04557094376244,-213.70597145589227,0.0
422,84.72638472567283,212.65331152231343,0.0
423,-206.43719888418366,-99.72538897593681,0.0
424,219.9211806980516,-66.01316727968661,0.0
425,-117.75194593134655,197.53291184857204,0.0
426,-46.67619331959126,-225.5391922893055,0.0
427,187.05196401139148,134.98182576806795,0.0
428,-229.4538222750961,26.861199359519624,0.0
429,151.2769291082977,-175.06580189496026,0.0
430,6.7185105670449365,231.62444390894575,0.0
431,-161.65798321016516,-166.50558023016978,0.0
432,232.02372043177965,13.59810264477118,0.0
433,-180.54359029478852,146.92359778500213,0.0
434,33.93260154825314,-230.6378962469212,0.0
435,130.9685950808435,193.27526823288736,0.0
436,-227.46698370565156,-54.12788052433693,0.0
437,204.59437107985264,-113.90902303955639,0.0
438,-74.02698370612019,222.52484345604645,0.0
439,-95.87018372658623,-214.40498597872468,0.0
440,215.83915713237676,93.474327400962,0.0
441,-222.62233656514667,76.98571191788028,0.0
442,112.3169187530158,-207.4512920008606,0.0
443,57.39658341647663,229.17350700248883,0.0
444,-197.4160580234475,-130.40556108627308,0.0
445,233.99807754547516,-37.2500604724755,0.0
446,-147.596036421467,185.8013586479626,0.0
447,-16.698582213050965,-237.0486661720358,0.0
448,172.68773747368272,163.75025578849426,0.0
449,-238.29137153086322,-4.101391537311443,0.0
450,178.73736815871678,-158.1678237695924,0.0
451,-24.990574256086582,237.7061132009031,0.0
452,-142.34568063159782,-192.43481909737892,0.0
453,235.28686604307822,45.80807540813277,0.0
454,-204.72935058360684,125.33606034839285,0.0
455,66.39264241083627,-231.04178623791753,0.0
456,107.2635722971763,215.5179338616656,0.0
457,-224.99322743919157,-86.58391227199039,0.0
458,224.70862766939308,-88.2617694039432,0.0
459,-106.22366316731515,217.1776463266598,0.0
460,-68.47215987281257,-232.22135473454446,0.0
461,207.64539770401808,125.15705617417561,0.0
462,-237.98859003316335,48.04315150937811,0.0
463,143.23385740466017,-196.4604201541016,0.0
464,27.128936528771675,241.9559549616981,0.0
465,-183.69981412653527,-160.30963088318214,0.0
466,244.0827122810529,-5.888325247232969,0.0
467,-176.24689269476428,169.45331518426784,0.0
468,15.516462502306323,-244.3421574418426,0.0
469,153.82266597136083,190.91621718302977,0.0
470,-242.7219026884669,-36.92103901182528,0.0
471,204.19728630613335,-136.92089127510516,0.0
472,-58.160113873361276,239.22405116093267,0.0
473,-118.87148133665718,-215.979873658098,0.0
474,233.86525906013958,79.06877293092661,0.0
475,-226.1647551312401,99.80748930874067,0.0
476,99.48376109508811,-226.67668480861153,0.0
477,79.87054946074615,234.664538728779,0.0
478,-217.70382501753966,-119.24475902569465,0.0
479,241.404406631498,-59.209823385034504,0.0
480,-138.19564368580188,207.00623795568444,0.0
481,-37.980882058055485,-246.32276327407746,0.0
482,194.65715609923654,156.1857228457681,0.0
483,-249.371783890606,16.34453215105756,0.0
484,173.070933770554,-180.74299021721532,0.0
485,-5.534404536831387,250.5178587395077,0.0
486,-165.36272830748135,-188.7149965546137,0.0
487,249.7419290100334,27.48834923958336,0.0
488,-202.99051287595478,148.62723353712298,0.0
489,49.34825235570458,-247.0397112395248,0.0
490,130.6584461511675,215.78000132192176,0.0
491,-242.42180792654437,-70.94489766023628,0.0
492,226.97686089137196,-111.58849508876872,0.0
493,-92.11021451733647,235.91370290309345,0.0
494,-91.55872577999232,-236.4862547979451,0.0
495,227.55564092272232,112.67858790139222,0.0
496,-244.22590728332165,70.71865128310644,0.0
497,132.48815600181854,-217.40239182343822,0.0
498,49.22483455628233,250.1268067934247,0.0
499,-205.52290052789567,-151.38208523380345,0.0
500,254.13380956967575,-27.23971023360299,0.0
501,-169.20981260425648,191.99982504133934,0.0
502,-4.9303547884837515,-256.20613845643965,0.0
503,176.92896549308088,185.82824558847858,0.0
504,-256.3177725190339,-17.53278558628642,0.0
505,201.1029099573467,-160.41858813294752,0.0
506,-39.9771996774718,254.45772389812936,0.0
507,-142.5886490332472,-214.90903635521803,0.0
508,250.63019918967703,62.22963852383931,0.0
509,-227.13257686282967,123.56992305267143,0.0
510,84.11745503251437,-244.85464352805027,0.0
511,103.50304438472536,237.67114328413712,0.0
512,-237.16566645703364,-105.4699455644245,0.0
513,246.43485946765716,-82.53746573355951,0.0
514,-126.11968304927358,227.6128495916065,0.0
515,-60.83034382862472,-253.34712060728563,0.0
516,216.26043699601126,145.9038312070811,0.0
517,-258.34525316006307,38.54535960091474,0.0
518,164.66542955148373,-203.18691012316154,0.0
519,15.851481892653911,261.3810697637909,0.0
520,-188.4844500698147,-182.25463902931807,0.0
521,262.42131433016743,7.078315945447616,0.0
522,-198.52993841045404,172.25829079394734,0.0
523,30.06837680388473,-261.4479933232102,0.0
524,154.62596780836083,213.35926187973834,0.0
525,-258.458590101821,-52.94170780858096,0.0
526,226.6210686969579,-135.71646770081864,0.0
527,-75.52134519770875,253.46616010278154,0.0
528,-115.66928462928325,-238.20533627802027,0.0
529,246.49930555933975,97.63172553942434,0.0
530,-248.01446860760188,94.6333906946715,0.0
531,119.1000526506243,-237.60202938377157,0.0
532,72.76612779688354,255.96411251626606,0.0
533,-226.8334687826331,-139.75764956128177,0.0
534,261.9838750389296,-50.232029226962574,0.0
535,-159.44128493651638,214.26751011353494,0.0
536,-27.201579833798586,-266.01793581147155,0.0
537,199.9922874248137,177.9944635191279,0.0
538,-268.0255492526861,3.849924122953392,0.0
539,195.26867038806202,-184.10956803712776,0.0
540,-19.644467906392762,267.9814321137299,0.0
541,-166.73402942151316,-211.12455914171744,0.0
542,265.87603285035124,43.10116700650492,0.0
543,-225.43307450704077,147.99243249471465,0.0
544,66.33917253223088,-261.71568017787746,0.0
545,128.02269728274678,238.07650034326605,0.0
546,-255.52260909821052,-89.1783112066571,0.0
547,248.9494245496125,-106.97288769100967,0.0
548,-111.4406359765902,247.33486363480984,0.0
549,-85.00011285752839,-257.95961299533354,0.0
550,237.20607646848478,132.95181408390798,0.0
551,-265.0287852637592,62.26935324904206,0.0
552,153.54249351417954,-225.20512662634562,0.0
553,38.95222028215338,270.0932857343961,0.0
554,-211.41567733099245,-173.0496371040118,0.0
555,273.10464431327836,-15.225658808443809,0.0
556,-191.3178137927638,195.93559705946714,0.0
557,8.729397711262196,-274.03002195568354,0.0
558,178.87626778424905,208.20043679133616,0.0
559,-272.852537000731,-32.729409106538654,0.0
560,223.56093880881025,-160.36178526434344,0.0
561,-56.58963690024179,269.57146924760275,0.0
562,-140.5280571161899,-237.2738749242324,0.0
563,264.2023396412031,80.12556839123418,0.0
564,-249.2259442126412,119.52180521488276,0.0
565,103.15434542404293,-256.77686439382825,0.0
566,97.49947974896769,259.31692182800356,0.0
567,-247.34278334123778,-125.49618676847393,0.0
568,267.4604939057108,-74.62609297264203,0.0
569,-146.97579303246107,235.9635633096771,0.0
570,-51.07398135700285,-273.5849883712284,0.0
571,222.71797824546883,167.42372312132187,0.0
572,-277.6339955203186,27.021505438673596,0.0
573,186.67773142832462,-207.69956882580223,0.0
574,2.651697187809388,279.5668730678685,0.0
575,-191.0159852181407,-204.5840552015377,0.0
576,279.3591312379395,21.849134831625427,0.0
577,-220.9986418736497,172.78821758043034,0.0
578,46.2928318640898,-277.00269438166436,0.0
579,153.1497197870268,235.78830656464925,0.0
580,-272.50603655480484,-70.49083199097092,0.0
581,248.83181046842168,-132.24543271902172,0.0
582,-94.25562664206645,265.8941894559277,0.0
583,-110.23071426562122,-260.02085140993387,0.0
584,257.20862211180105,117.40221532561173,0.0
585,-269.26095850554384,87.27018393890785,0.0
586,139.74954727849783,-246.5069926911379,0.0
587,63.53649070160491,276.4722835703461,0.0
588,-233.86277382349513,-161.12193879223727,0.0
589,281.59028268805673,-39.20901324067932,0.0
590,-181.3504551119173,219.36475378922128,0.0
591,-14.472502483573976,-284.56628218499156,0.0
592,203.11641692109166,200.27424603407889,0.0
593,-285.36792412396414,-10.484323356127394,0.0
594,217.74182464374888,-185.23520751102083,0.0
595,-35.470220504844384,283.97948734981935,0.0
596,-165.85168243848565,-233.6122790286209,0.0
597,280.40208106883836,60.292887097822145,0.0
598,-247.75640728686403,145.10855862371045,0.0
599,84.76044511561156,-274.65370892214406,0.0
600,123.15966225120577,260.05776670083156,0.0
601,-266.7692025109804,-108.68292535403474,0.0
602,270.41362857801965,-100.16878750117307,0.0
603,-131.8737439226336,256.800024341649,0.0
604,-76.30847326121803,-278.73583095838035,0.0
605,244.81394117212932,154.15115878499242,0.0
606,-284.9515221483564,51.75870696280133,0.0
607,175.33969496215593,-230.89456975311634,0.0
608,26.705565290417063,289.0037888611046,0.0
609,-215.1407979554777,-195.27152721713875,0.0
610,290.85216361314707,-1.3398020416520255,0.0
611,-213.78780932306347,197.66608525614237,0.0
612,24.144606131373994,-290.4730069435672,0.0
613,178.59764750747715,230.73993938789923,0.0
614,-287.85976097588826,-49.55194499798179,0.0
615,245.9907511625503,-158.0755318337527,0.0
616,-74.68626765526122,283.02307182765344,0.0
617,-136.25158837506157,-259.4156217929607,0.0
618,275.9907793809279,99.3529074792466,0.0
619,-270.9034870871042,113.28834642704184,0.0
620,123.35998742627389,-266.8077739506968,0.0
621,89.35780329734,280.3577560497771,0.0
622,-255.53572041953714,-146.5199139711844,0.0
623,287.6971171869539,-64.64013491068953,0.0
624,-168.65084404135158,242.25265143798828,0.0
625,-39.32233783801589,-292.85622989155524,0.0
626,227.05243231271763,189.5781134685916,0.0
627,-295.7862950877195,13.596812995831831,0.0
628,209.13561573395071,-210.04410121087406,0.0
629,-12.340098244356687,296.45550022456615,0.0
630,-191.3510892910558,-227.16712012152337,0.0
631,294.84933466604355,38.289614384997705,0.0
632,-243.52751882452665,171.11032632135257,0.0
633,64.05203909129287,-290.9707725135063,0.0
634,149.47123825543673,258.0839930568385,0.0
635,-284.8403209145851,-89.42829972240693,0.0
636,270.71708881245735,-126.5946441014513,0.0
637,-114.22148723881665,276.4959329478914,0.0
638,-102.65156022856185,-281.32169357956553,0.0
639,265.99278522015,138.2383855623152,0.0
640,-289.8079060502017,77.82192100601246,0.0
641,161.29097850037905,-253.40292136237488,0.0
642,52.293225353284214,296.1017916655191,0.0
643,-238.81476365653825,-183.19792247427736,0.0
644,300.1460176942556,-26.259119391934775,0.0
645,-203.7859735098094,222.3324960556887,0.0
646,0.08207407513145662,-301.9003624519219,0.0
647,204.07532287057245,222.89135725953682,0.0
648,-301.34209422343827,-26.52886807730014,0.0
649,240.36107122375617,-184.17660837657863,0.0
650,-52.87815443430572,298.4662164452738,0.0
651,-162.7829035385164,-256.0541088214726,0.0
652,293.2855767269655,78.92676532968173,0.0
653,-269.84259552883583,140.05286694987595,0.0
654,104.47304148081106,-285.8308383383888,0.0
655,116.15608793066217,281.61282794679596,0.0
656,-276.1503138502553,-129.31839478962124,0.0
657,291.266207377403,-91.27182051684782,0.0
658,-153.26885335450015,264.30966168283186,0.0
659,-65.58763779861437,-298.7200602739073,0.0
660,250.3914473835457,176.1365768146068,0.0
661,-303.9083387777601,39.29801671797832,0.0
662,197.74133018205896,-234.49457250965827,0.0
663,12.602864013789258,306.7821954594046,0.0
664,-216.733575029326,-217.91190459440762,0.0
665,307.31042733256635,14.29400550132495,0.0
666,-236.48747378750153,197.23780616504786,0.0
667,41.186426735788416,-305.47978520638736,0.0
668,176.15048957928425,253.31887554517968,0.0
669,-301.2951454685374,-67.86746626672416,0.0
670,268.2698079223418,-153.62766973713522,0.0
671,-94.13101628812316,294.77954244781563,0.0
672,-129.8370571635485,-281.2179306618286,0.0
673,285.9740605779823,119.7733882712407,0.0
674,-292.05586292275433,104.9567791421153,0.0
675,144.5948940028804,-274.93758666822845,0.0
676,79.17404516595252,300.6920692092878,0.0
677,-261.7464236706405,-168.40140172061757,0.0
678,307.05162622463337,-52.683737146610326,0.0
679,-191.00585521091134,246.49376841329524,0.0
680,-25.686935006891655,-311.07686427059036,0.0
681,229.2890568306403,212.22974397817586,0.0
682,-312.7278777614118,-1.6106111766872262,0.0
683,231.9045129280519,-210.25718126232204,0.0
684,-29.00005086087352,311.9829004145799,0.0
685,-189.5375853994411,-249.8729004341441,0.0
686,308.838541713048,56.27103256445416,0.0
687,-265.99019417137964,167.28324342541922,0.0
688,83.21332097612158,-303.3098822955598,0.0
689,143.6595308195826,280.1253946972258,0.0
690,-295.4304270157241,-109.61841919774899,0.0
691,292.1622774399274,-118.84299515789489,0.0
692,-135.28118359426827,285.2519155082597,0.0
693,-93.02003605008585,-302.00034450571883,0.0
694,272.84399120374,160.00141873305535,0.0
695,-309.5556585390372,66.38550408925673,0.0
696,183.58544000453352,-258.2937308327431,0.0
697,39.14122935293916,314.7615517549892,0.0
698,-241.70503754798088,-205.84759172109761,0.0
699,317.5692042050448,-11.494490578140336,0.0
700,-226.61170879218534,223.19790186026836,0.0
701,16.343563367687853,-317.9480863280406,0.0
702,202.90753562274998,245.7125104673813,0.0
703,-315.88626187155654,-44.15952768673004,0.0
704,262.9969151240962,-180.98338529945062,0.0
705,-71.73937916964329,311.3905483357043,0.0
706,-157.5880317110793,-278.3252656481722,0.0
707,304.4865331841823,98.870124456194,0.0
708,-291.572455610601,132.89598435549328,0.0
709,125.34144633276817,-295.21844517771603,0.0
710,107.09237924513339,302.6289471765955,0.0
711,-283.6488813041592,-150.94733533186633,0.0
712,311.40167248912576,-80.37158998230728,0.0
713,-175.48769396731348,269.85839089893096,0.0
714,-52.93576249915824,-317.8148111417067,0.0
715,253.94491966042605,198.7699011059246,0.0
716,-321.8104372881707,24.993284516783525,0.0
717,220.6103242408064,-236.02311735890572,0.0
718,-3.2427986778734255,323.3490309233421,0.0
719,-216.22351410562092,-240.8357677916309,0.0
720,322.4098489004886,31.55641008255004,0.0
721,-259.2848460106196,194.69157108315798,0.0
722,59.73009603843327,-318.9911523213073,0.0
723,171.58661263009608,275.80926961642746,0.0
724,-313.1102880338362,-87.54669780857463,0.0
725,290.27503590770885,-147.08064751518612,0.0
726,-114.79102681530215,304.80362309465465,0.0
727,-121.3570881209313,-302.56351281929176,0.0
728,294.1263321854096,141.2515306029526,0.0
729,-312.57240817134016,94.60937707660823,0.0
730,166.72193661915134,-281.15203911134495,0.0
731,67.03953162984665,320.2166162198048,0.0
732,-265.97231464230424,-191.0028610348241,0.0
733,325.4289345384336,-38.856616717830505,0.0
734,-213.90337004949626,248.69603407582673,0.0
735,-10.275158288528896,-328.1606452416973,0.0
736,229.44859899874083,235.24248145279083,0.0
737,-328.38195558679155,-18.486491075734527,0.0
738,254.8505946331932,-208.37102878949656,0.0
739,-47.207821769793746,326.08229406359305,0.0
740,-185.6189284300118,-272.57083773817703,0.0
741,321.2704591859086,75.66785923449751,0.0
742,-288.2603212920014,161.3613401749389,0.0
743,103.64686548789176,-313.97461932712207,0.0
744,135.77948755025108,301.7912882645392,0.0
745,-304.24216308973985,-130.92803700630753,0.0
746,313.05215135132335,-109.06542101454887,0.0
747,-157.2991858266577,292.13940085252585,0.0
748,-81.42057540862127,-321.94840906592947,0.0
749,277.7511192919933,182.55439082655303,0.0
750,-328.40343315457983,53.054250035190044,0.0
751,206.49560632541184,-261.1799918180332,0.0
752,24.182022845619958,332.3591208126253,0.0
753,-242.54584898752745,-228.93421543644723,0.0
754,333.77640620604126,4.975889241491205,0.0
755,-249.6925159843766,221.98481405613634,0.0
756,34.196311408058634,-332.635626870489,0.0
757,199.64830988849386,268.60512728424897,0.0
758,-328.9367416677233,-63.254820547030135,0.0
759,285.5203066495174,-175.7019444624408,0.0
760,-91.92747030854927,322.69939811571146,0.0
761,-150.32428316568217,-300.3011651582578,0.0
762,313.96284806605087,119.99251831163232,0.0
763,-312.8267729504187,123.70551698572795,0.0
764,147.23214219038968,-302.7857118712528,0.0
765,96.04603652898543,322.99314515068914,0.0
766,-289.24559235615845,-173.4341311859423,0.0
767,330.7141004048743,-67.55492256573092,0.0
768,-198.39354014020998,273.4385410731705,0.0
769,-38.44836447833896,-335.92198497588106,0.0
770,255.47838047065542,221.91429299545123,0.0
771,-338.56825636140593,8.948018584375832,0.0
772,243.81072324995617,-235.49588673043277,0.0
773,-20.720681188169113,338.6239214611359,0.0
774,-213.6378391212807,-263.9090392686008,0.0
775,336.0798254295497,50.330247389724676,0.0
776,-282.04870288586403,190.06594276766592,0.0
777,79.65288470478998,-330.94678849131367,0.0
778,164.95563273287675,298.0837103726123,0.0
779,-323.25558916264947,-108.46224376899076,0.0
780,311.88376555642196,-138.494768258981,0.0
781,-136.535169634898,313.05679350384696,0.0
782,-110.88222688357577,-323.3353356854937,0.0
783,300.42043121670196,163.65343137151726,0.0
784,-332.34258150178937,82.32640895852248,0.0
785,189.60541938436123,-285.4355205867739,0.0
786,53.04366382224831,338.82815393340735,0.0
787,-268.2094454447896,-214.18779724909564,0.0
788,342.7338508223286,-23.25664951888262,0.0
789,-237.20709516062885,248.8671884751551,0.0
790,6.807361490755602,-344.0211281639006,0.0
791,227.55042632337137,258.48123250913284,0.0
792,-342.6714614407568,-36.9182177240469,0.0
793,277.8409576019834,-204.41649303938874,0.0
794,-66.84465191613744,338.6865537778681,0.0
795,-179.6372194320647,-295.13119315236753,0.0
796,332.0883888183574,96.35605858546818,0.0
797,-310.21227684696277,153.39765689272213,0.0
798,125.22427225276307,-322.91912741258477,0.0
799,125.89469516555835,322.96108708157533,0.0
800,-311.24084841666996,-153.22533259241865,0.0
801,333.27204480918516,-97.33558439202719,0.0
802,-180.14122285262442,297.13513510176114,0.0
803,-67.93637252849669,-341.0579833731091,0.0
804,280.7025098726834,205.76156804375285,0.0
805,-346.2508791920021,37.920269925276656,0.0
806,229.8852796626593,-262.0617211748016,0.0
807,7.5159534549135385,348.8024372156806,0.0
808,-241.3488876218278,-252.32213409176578,0.0
809,348.6845261733102,23.04417691644545,0.0
810,-272.89427228362587,218.71650549589197,0.0
811,53.52577581301535,-345.88945977997383,0.0
812,194.33232684570373,291.4376089107275,0.0
813,-340.4301212453009,-83.69435078081906,0.0
814,307.803139822487,-168.37811643061278,0.0
815,-113.3170674567696,332.33992962968364,0.0
816,-141.04829671977092,-321.85813740188735,0.0
817,321.6726478104071,142.16454766966325,0.0
818,-333.48722424746774,112.54849104877081,0.0
819,170.012646578665,-308.50203304240887,0.0
820,83.09397585397907,342.5933165161995,0.0
821,-292.92133231692407,-196.64419507360128,0.0
822,349.09842924236966,-52.90805364073494,0.0
823,-221.85069388693995,275.0426259265186,0.0
824,-22.22035898970966,-352.9443369895778,0.0
825,254.996023827612,245.43394619831636,0.0
826,-354.09308428946105,-8.734889539264614,0.0
827,267.2076159466135,-232.9287205423227,0.0
828,-39.72067828925534,352.5273414634799,0.0
829,-209.0039154513304,-286.9986995988755,0.0
830,348.25060260432315,70.49901450172163,0.0
831,-304.6488997559008,183.39960638974782,0.0
832,100.8327555017343,-341.2872237022148,0.0
833,156.30726546036536,320.0158896966315,0.0
834,-331.68230012935544,-130.4874370048026,0.0
835,332.9744587721202,-127.93040691516256,0.0
836,-159.23308644103503,319.5013839334807,0.0
837,-98.48305781922075,-343.4175294489206,0.0
838,304.830042629514,186.84600726507514,0.0
839,-351.2570377645768,68.18814299423633,0.0
840,213.11052040160013,-287.7732624069663,0.0
841,37.27579643542421,356.4246699872491,0.0
842,-268.4546998805625,-237.82064926506527,0.0
843,358.87244935966123,-5.981612000075018,0.0
844,-260.78173518690846,247.0157876931366,0.0
845,25.455153326558726,-358.57316794623,0.0
846,223.61470042392205,281.81197058086076,0.0
847,-355.52065978280064,-56.79340987623452,0.0
848,300.743837773794,-198.42518835301308,0.0
849,-87.79208544031111,349.7299127418547,0.0
850,-171.63528767535868,-317.42544212135937,0.0
851,341.23701776308724,118.21198090264504,0.0
852,-331.7217288094595,143.44591673696016,0.0
853,147.81761707057112,-330.0989553503924,0.0
854,114.06936877420905,343.5155736085703,0.0
855,-316.3932204918943,-176.37905843697916,0.0
856,352.7087387916465,-83.72771246730552,0.0
857,-203.67369974200554,300.217288410048,0.0
858,-52.651112363784605,-359.2226864407271,0.0
859,281.6879247843126,229.48800144790923,0.0
860,-362.9992424447821,21.076081882348422,0.0
861,253.6191605937194,-260.9403452998756,0.0
862,-10.756317834867962,364.001105623657,0.0
863,-238.1272305529691,-275.87670395482127,0.0
864,362.21219759158265,42.6023194963722,0.0
865,-296.08399099353517,213.41760347723977,0.0
866,74.21731758406555,-357.6378501896631,0.0
867,186.99557753755622,314.079614745919,0.0
868,-350.3048285607223,-105.3577483022463,0.0
869,329.71868954266,-159.0589849590275,0.0
870,-135.78296709557137,340.26118920237155,0.0
871,-129.81789521180622,-342.87401530248434,0.0
872,327.57597360543343,165.25710925505555,0.0
873,-353.43710905874815,99.49303484889663,0.0
874,193.5509192193078,-312.3387393551332,0.0
875,68.31412058768937,361.31909537690194,0.0
876,-294.65893183192895,-220.44353437771142,0.0
877,366.45144838483554,-36.51811822992895,0.0
878,-245.7242094919245,274.6651008877228,0.0
879,-4.3474406235943235,-368.78657926169797,0.0
880,252.5039680818641,269.1939682698333,0.0
881,-368.298264205123,-27.95190162123933,0.0
882,290.66716914901303,-228.33935123037645,0.0
883,-60.132182546304755,364.9819091129468,0.0
884,-202.35095414208416,-309.9729729710949,0.0
885,358.8546484642109,91.94586197619454,0.0
886,-326.9567009496744,174.73303047798004,0.0
887,123.14749076799393,-349.95527715593636,0.0
888,145.69293166689204,341.4810721472193,0.0
889,-338.3440153370804,-153.4956055071453,0.0
890,353.42731057483235,-115.44954973338777,0.0
891,-182.754598016463,324.10210756935305,0.0
892,-84.23166673556257,-362.69611300599,0.0
893,307.33125892623417,210.69654519755295,0.0
894,-369.2084696441884,52.276223264159846,0.0
895,237.1029849884369,-288.15291190667944,0.0
896,19.826519114301725,372.9063308968826,0.0
897,-266.7073692788061,-261.7666245962028,0.0
898,373.7531146757859,12.869640198397738,0.0
899,-284.4929676464201,243.15276917167296,0.0
900,45.56183694901102,-371.7340498576429,0.0
901,217.6639198907212,305.1018474784381,0.0
902,-366.85635279074864,-77.99896026464599,0.0
903,323.4288545032822,-190.431003035448,0.0
904,-109.93113602080095,359.14923501120757,0.0
905,-161.65815453779018,-339.32664632364686,0.0
906,348.6637416293942,141.1116527324172,0.0
907,-352.6661301876745,131.56193420827432,0.0
908,171.29886858835323,-335.4724211513467,0.0
909,100.36969526657724,363.3375083033134,0.0
910,-319.6688288018295,-200.25808488161886,0.0
911,371.25117757092437,-68.31786613664787,0.0
912,-227.76337130541472,301.36686670549057,0.0
913,-35.65015749751618,-376.3384763907024,0.0
914,280.69996554991184,253.59932891546063,0.0
915,-378.5522723600899,2.6157081936217152,0.0
916,277.56277700002073,-257.8201135895648,0.0
917,-30.532815882071787,377.86738588591385,0.0
918,-232.89674004310893,-299.46435064734453,0.0
919,374.2808459872658,63.54115541696724,0.0
920,-319.12999645200193,206.11546107877896,0.0
921,96.1554090134673,-367.8119758486216,0.0
922,177.67669766498685,336.4023545519615,0.0
923,-358.5023069886034,-128.12398724530664,0.0
924,351.14201603247164,-147.79417557583741,0.0
925,-159.19955439019037,346.4153222275834,0.0
926,-116.69331878144574,-363.2286456615628,0.0
927,331.63602895886015,189.14094284330787,0.0
928,-372.56196093552467,84.60954830066578,0.0
929,217.71502539130904,-314.27036553872375,0.0
930,51.78649936115017,379.062559492501,0.0
931,-294.44444490674283,-244.69853080458637,0.0
932,382.6725881013396,-18.474170373665427,0.0
933,-269.87978860620376,272.3036408126886,0.0
934,15.072982208677299,-383.3562476348266,0.0
935,248.0115232548872,293.06038938182866,0.0
936,-381.10012968555884,-48.597988620061706,0.0
937,314.0567476089444,-221.748650915191,0.0
938,-81.84333522938329,375.9133817686274,0.0
939,-193.71122949934798,-332.70155469947906,0.0
940,367.82769936825525,114.55294360325105,0.0
941,-348.8451107627166,164.10964594945807,0.0
942,146.47414396714925,-356.89714441549864,0.0
943,133.16688947909344,362.3565244989231,0.0
944,-343.1977911208587,-177.3596278491708,0.0
945,373.12477162181426,-101.11687128373312,0.0
946,-206.96936480993554,326.8272014188632,0.0
947,-68.20265559224424,-381.05960327239325,0.0
948,307.9037336010607,235.07246839826857,0.0
949,-386.0922970198,34.6746154427131,0.0
950,261.4489968234215,-286.5656890092128,0.0
951,0.7885271822044064,388.17624423806905,0.0
952,-262.97030292169796,-285.89167429867655,0.0
953,387.28736889204157,33.19638180002352,0.0
954,-308.2075195847829,237.2925869834435,0.0
955,67.0194171969111,-383.424374051651,0.0
956,209.72403169356122,328.2193689407206,0.0
957,-376.6088137715892,-100.42041857116766,0.0
958,345.76728146878276,-180.47117856615296,0.0
959,-133.1417614425154,366.8849893128687,0.0
960,-149.75407260982186,-360.7098157151855,0.0
961,354.31967003375723,164.93034526005982,0.0
962,-372.9251673498397,117.80460672212217,0.0
963,195.53955191292917,-339.00164062956736,0.0
964,84.86477045897561,382.31215879236834,0.0
965,-321.04107774341486,-224.731159618539,0.0
966,388.79107276808026,-51.18481640907029,0.0
967,-252.27719733144917,300.56876029292573,0.0
968,-17.021358073261414,-392.30432295899345,0.0
969,277.7351191507166,277.96172523474905,0.0
970,-392.8169561521957,-17.364586286424615,0.0
971,301.5825274073074,-252.7091330692418,0.0
972,-51.7095889090477,390.3169815714268,0.0
973,-225.67707894352156,-322.95270340024246,0.0
974,384.81552439799674,85.74983164844748,0.0
975,-341.90214619995226,196.8411456489356,0.0
976,119.22313345462285,-376.3468018339109,0.0
977,166.41792176669392,358.2788948975244,0.0
978,-364.9679214230493,-151.87097063392008,0.0
979,371.9503513190733,-134.6367685083267,0.0
980,-183.44047431393864,350.7585027149578,0.0
981,-101.73809006464855,-382.804350891557,0.0
982,333.8201247197189,213.68638967396046,0.0
983,-390.75007911625937,67.97151442688757,0.0
984,242.3729817559824,-314.27560295093593,0.0
985,33.59399845144783,395.7188261891135,0.0
986,-292.26810117665633,-269.2758730434307,0.0
987,397.66457353456866,1.1321284407478187,0.0
988,-294.18379848179,267.9600842847911,0.0
989,35.94116702924661,-396.5644072984544,0.0
990,241.53211991025572,316.9002642142248,0.0
991,-392.4187551655246,-70.56608222571572,0.0
992,337.24509701147895,-213.18153765596637,0.0
993,-104.74055259490433,385.25144421901945,0.0
994,-183.1209558596927,-355.055872183727,0.0
995,375.10957893228425,138.20101972725038,0.0
996,-370.1892086666544,151.57668690479667,0.0
997,170.68872168604653,-362.06323976573594,0.0
998,118.78703303681252,382.5219209681196,0.0
999,-346.20500422558695,-201.95169483417374,0.0
1000,391.9520187378672,-85.00048552201113,0.0
1001,-231.74672854868766,327.6492936130942,0.0
1002,-50.4738407615661,-398.3995458728208,0.0
1003,306.5315500440535,259.84125765474863,0.0
1004,-401.8072522858065,15.470247649463758,0.0
1005,286.01517785132165,-283.0072496373548,0.0
1006,-19.74279897158962,402.14109273693157,0.0
1007,-257.2507590483889,-310.0625699566411,0.0
1008,399.39054844461117,54.89550344895103,0.0
1009,-331.7933194676386,229.45404374799995,0.0
1010,89.71783740997273,-393.56876854733935,0.0
1011,199.8252376109315,351.0346186995057,0.0
1012,-384.71252986740836,-123.94161494302755,0.0
1013,367.63233964362803,-168.58708447019444,0.0
1014,-157.30255891474297,372.8820148232881,0.0
1015,-135.97526330689223,-381.4522666477994,0.0
1016,358.1604087375931,189.54234249645168,0.0
1017,-392.3811790746975,102.23660967075587,0.0
1018,220.4105901235681,-340.6533191816724,0.0
1019,67.62724675761929,400.32777522517523,0.0
1020,-320.4880213751148,-249.66682238425793,0.0
1021,405.2234300134737,-32.410640299659015,0.0
1022,-277.08232972658146,297.8125350082003,0.0
1023,3.1444079534490865,-407.0227801429106,0.0
1024,272.7945391670607,302.44196038352726,0.0
1025,-405.70413184336405,-38.7658128742986,0.0
1026,325.54580853937176,-245.62013330485485,0.0
1027,-74.18028903682325,401.26968758596297,0.0
1028,-216.49245340772896,-346.21078949407047,0.0
1029,393.7455895754758,109.1154482794366,0.0
1030,-364.2720894195203,185.63015364230174,0.0
1031,143.3018956456616,-383.18177922634663,0.0
1032,153.26576483293906,379.5844782363384,0.0
1033,-369.65167324339455,-176.47530756805563,0.0
1034,392.02347516530665,-119.64394209379259,0.0
1035,-208.37847625786776,353.2516583419591,0.0
1036,-85.01961482473564,-401.48635761615583,0.0
1037,334.10040804386074,238.76330448330233,0.0
1038,-407.893005259558,49.65605306489298,0.0
1039,267.3927352621126,-312.33802636410155,0.0
1040,13.822864876136249,411.18657237713006,0.0
1041,-288.1250245480787,-294.04260145715904,0.0
1042,411.3339828894543,22.20606000378284,0.0
1043,-318.50338084327444,261.64113831977585,0.0
1044,58.154644547513,-408.3262438136637,0.0
1045,233.08399434779156,340.58184290608267,0.0
1046,-402.1785742897225,-93.74674084135327,0.0
1047,360.10257443327237,-202.66763581843446,0.0
1048,-128.70825227416123,392.93034872754686,0.0
1049,-170.62091811417199,-376.90937186031283,0.0
1050,380.64485405471606,162.76924519627704,0.0
1051,-390.86648932902216,137.1857866227625,0.0
1052,195.66603377397482,-365.4088624757648,0.0
1053,102.61544963928844,401.8597325013034,0.0
1054,-347.3320225778972,-227.14322193158043,0.0
1055,409.7973893336083,-67.17246016262398,0.0
1056,-256.95568656451064,326.54607302341503,0.0
1057,-31.126721122895788,-414.6109902514967,0.0
1058,303.2038844453572,284.8704866201505,0.0
1059,-416.2558914586949,-5.246570798677938,0.0
1060,310.66868317679985,-277.47833649909666,0.0
1061,-41.66902708664037,414.71167646147586,0.0
1062,-249.56103830856838,-334.14705630005943,0.0
1063,409.9823722767441,77.86119898385067,0.0
1064,-355.1197052162704,219.66090177135158,0.0
1065,113.54472243146574,-402.09647821030717,0.0
1066,188.00257834243257,373.4195192083707,0.0
1067,-391.10680652959365,-148.44445988591895,0.0
1068,388.8995076043683,-154.82477099304415,0.0
1069,-182.29062252683212,377.09013580151407,0.0
1070,-120.37843403003627,-401.43397828535586,0.0
1071,360.14667911011,214.8208564811081,0.0
1072,-410.91955528067615,84.92487435494675,0.0
1073,245.7822769261472,-340.39937079898675,0.0
1074,48.73376853320065,417.2760272339033,0.0
1075,-317.9929767892002,-274.93343429768396,0.0
1076,420.44701980553907,-12.081110726328781,0.0
1077,-302.04619731264745,293.0930348933947,0.0
1078,24.75289289175485,-420.4004864170063,0.0
1079,265.8846328709126,326.90753812126457,0.0
1080,-417.1290131254805,-61.485967164186185,0.0
1081,349.3212056209757,-236.5710332360169,0.0
1082,-97.83593202957698,410.6499348397622,0.0
1083,-205.37215503237505,-369.10927379235443,0.0
1084,401.00526153289775,133.52287105173212,0.0
1085,-386.11355284798964,172.52292391214598,0.0
1086,168.27128772932392,-388.2614145665325,0.0
1087,138.27150289853975,400.1968520122783,0.0
1088,-372.50877470379515,-201.8122329687675,0.0
1089,411.24408386559327,-102.87741715836309,0.0
1090,-233.88538728621765,353.8610448406398,0.0
1091,-66.60958695831215,-419.1632013819523,0.0
1092,332.45443191875984,264.2410816142625,0.0
1093,-423.8859600560927,29.744283718857503,0.0
1094,292.64224102344537,-308.4466538853792,0.0
1095,-7.436975293461785,425.3684988441512,0.0
1096,-282.0157789255232,-318.8662362251345,0.0
1097,423.5917350218863,44.64957758575256,0.0
1098,-342.706628396486,253.35890550020875,0.0
1099,81.60799493454346,-418.5615694850235,0.0
1100,222.69069296916814,363.9747936553772,0.0
1101,-410.3089004670325,-118.02797506097079,0.0
1102,382.501414407438,-190.24175374949547,0.0
1103,-153.62872865597728,398.8894451193228,0.0
1104,-156.2569190527802,-398.1378257820116,0.0
1105,384.3833698762188,188.13509492265894,0.0
1106,-410.7572064616305,120.99339124426974,0.0
1107,221.27966892902953,-366.894732000763,0.0
1108,84.7187967704665,420.25560438220435,0.0
1109,-346.55073616604307,-252.80487431953264,0.0
1110,426.5527890297689,-47.709154399133006,0.0
1111,-282.4649653159545,323.50081135908084,0.0
1112,-10.246774201565366,-429.59292337487784,0.0
1113,297.91551478924947,310.02794244531526,0.0
1114,-429.34504985756405,-27.381896724337704,0.0
1115,335.2773670602312,-269.98527082988215,0.0
1116,-64.8884653448856,425.8033862538098,0.0
1117,-239.91895430970894,-358.01406046157615,0.0
1118,418.98742870782854,101.98480382875192,0.0
1119,-378.0576742885665,207.94232868995834,0.0
1120,138.38526377308187,-408.94186069206825,0.0
1121,174.2963508038345,395.24811980130977,0.0
1122,-395.73626814735337,-173.8088764954219,0.0
1123,409.44684473824077,-139.23535488866708,0.0
1124,-207.9815224375147,379.4646625475619,0.0
1125,-103.0251295990136,-420.53794757778684,0.0
1126,360.2448151151762,240.63805292584942,0.0
1127,-428.42912026141676,65.9409025439761,0.0
1128,271.5243478619915,-338.21740687464785,0.0
1129,28.265247635400723,433.0524117349165,0.0
1130,-313.5450006573809,-300.39929337229785,0.0
1131,434.36480602527115,9.71406883352062,0.0
1132,-327.0366640228029,286.4108425585349,0.0
1133,47.70628695884124,-432.3486099845343,0.0
1134,257.01750167101744,351.2268949098802,0.0
1135,-427.0116472840682,-85.41988003609303,0.0
1136,372.77872974565,-225.58535819042766,0.0
1137,-122.56479235078841,418.38725672637827,0.0
1138,-192.35095117182902,-391.5207319831167,0.0
1139,406.5340944426408,158.85467076535883,0.0
1140,-407.30264704931915,157.56519832535488,0.0
1141,194.00907292777177,-391.5357410519576,0.0
1142,121.49150125001756,419.99660487353117,0.0
1143,-373.50011636135963,-227.75563506817377,0.0
1144,429.4981531018748,-84.40375041670305,0.0
1145,-259.832182622443,352.5587056720952,0.0
1146,-46.58424501482946,-435.72711267069724,0.0
1147,328.86560321628014,289.9887673236964,0.0
1148,-438.62824875901833,8.32154346610106,0.0
1149,317.9896149317754,-302.59637966727433,0.0
1150,-30.09173902235635,438.17175154503985,0.0
1151,-273.9467820361583,-343.61496842273397,0.0
1152,434.35352264244034,68.36116904909028,0.0
1153,-366.66281223063226,243.1312755747592,0.0
1154,106.19275262159866,-427.1952645778777,0.0
1155,210.38143854262108,386.9504640168222,0.0
1156,-416.74437218043863,-143.2951944552417,0.0
1157,404.31602143085223,-175.94422185143202,0.0
1158,-179.38214159961092,403.0736262751204,0.0
1159,-140.0800866666439,-418.61965241473143,0.0
1160,386.2806915941388,214.17439410610766,0.0
1161,-429.74471878042937,103.06103401393396,0.0
1162,247.40206566563577,-366.4874223301908,0.0
1163,65.16854130009185,437.5987240502611,0.0
1164,-343.83898024312,-278.8066774923242,0.0
1165,442.114077881712,-26.691421407007784,0.0
1166,-308.1431692056817,318.5027716842308,0.0
1167,12.076379352336264,-443.2486707921821,0.0
1168,290.6672113095123,335.18181106616476,0.0
1169,-440.9862543444877,-50.83802762071424,0.0
1170,359.7100026434396,-260.54032160332446,0.0
1171,-89.29607655307265,435.33662343972924,0.0
1172,-228.34817861716624,-381.5339438373426,0.0
1173,426.33559887896723,127.1547491224668,0.0
1174,-400.48016512245295,194.33321553393742,0.0
1175,164.1222136422057,-414.0448098874398,0.0
1176,158.7523967871922,416.39690494122425,0.0
1177,-398.5512778330591,-199.9128339923159,0.0
1178,429.15532331986833,-121.87527648844998,0.0
1179,-234.24937719466038,379.9668039027887,0.0
1180,-83.981955835587,-438.6505420170225,0.0
1181,358.42716501444846,266.86516127117505,0.0
1182,-444.80250282831463,45.360954984384655,0.0
1183,297.5061267417629,-334.09112372580427,0.0
1184,6.307015556977578,447.55663705034067,0.0
1185,-307.13925934599195,-325.9328156694516,0.0
1186,446.88434054480047,32.88114947034377,0.0
1187,-351.9222428365117,277.77262884520695,0.0
1188,71.9031413164117,-442.7832503266526,0.0
1189,246.21126748632645,375.26964443141,0.0
1190,-435.2773201178383,-110.45917888813777,0.0
1191,395.79009053686934,-212.69254035638176,0.0
1192,-148.25240254784364,424.41669384877173,0.0
1193,-177.46935714673526,-413.31994872715626,0.0
1194,410.27737764158996,184.9911604453417,0.0
1195,-427.7181872004112,140.80826360925764,0.0
1196,220.3912598009986,-392.96071236018025,0.0
1197,102.98742409324456,438.86750708099896,0.0
1198,-372.5926503503142,-254.17816575760762,0.0
1199,446.67529481835004,-64.2945104365127,0.0
1200,-286.0891307847248,349.3228415069468,0.0
1201,-25.024513237164232,-451.0743869728502,0.0
1202,323.3235352831785,315.87523811666523,0.0
1203,-452.0236411056443,-14.52250783614546,0.0
1204,343.30334333105463,-294.78830668508846,0.0
1205,-54.04371753307312,449.5083079669247,0.0
1206,-263.93061566750606,-368.1578989241477,0.0
1207,443.5402016950947,93.23582477366287,0.0
1208,-390.2426476065455,230.98221064713456,0.0
1209,131.79741088827348,-434.1576662855435,0.0
1210,196.1913880711018,409.3821710220581,0.0
1211,-421.42533815079673,-169.43124846681314,0.0
1212,425.42328167594013,-159.82112111141902,0.0
1213,-205.84659297288354,405.4337061615209,0.0
1214,-122.14707159007806,-438.23624703848714,0.0
1215,386.29847211819924,240.76142944993703,0.0
1216,-447.7158360571159,83.45550016744043,0.0
1217,273.90465695438246,-364.1597161442504,0.0
1218,44.04109064080161,453.7821796550056,0.0
1219,-339.18087300100507,-305.0181937926496,0.0
1220,456.38143820696314,-4.204704894051211,0.0
1221,-333.85898721241784,311.5475267916323,0.0
1222,35.748914392407,-455.4862704526559,0.0
1223,281.4660329334143,360.20091189840315,0.0
1224,-451.0960998225443,-75.51347572449232,0.0
1225,383.8365424451389,-249.16197762473783,0.0
1226,-114.78348761930953,443.237175701177,0.0
1227,-214.87848630429644,-404.5787859170295,0.0
1228,431.9624287241332,153.2566062542406,0.0
1229,-422.2623616526037,178.87439378533074,0.0
1230,190.63596389366438,-417.35112078675627,0.0
1231,141.42228983798933,436.7451166175361,0.0
1232,-399.50829202277134,-226.63246015666016,0.0
1233,447.9091658510038,-102.80645497946522,0.0
1234,-260.9669984372189,378.5640085767526,0.0
1235,-63.32070210665855,-455.66184887296436,0.0
1236,354.6724165341258,293.37265017323693,0.0
1237,-459.9364943159535,23.26614036276059,0.0
1238,323.5967301792229,-328.01060887405134,0.0
1239,-17.051121738714034,460.6929865034351,0.0
1240,-298.7773137625017,-351.4027669064986,0.0
1241,457.9181292064754,57.32231640642775,0.0
1242,-376.5723522689896,267.1914138938475,0.0
1243,97.23838198551086,-451.62580336006937,0.0
1244,233.49030790846598,398.9068565667838,0.0
1245,-441.8569170979541,-136.4923355670627,0.0
1246,418.22899504685245,-197.92812615099353,0.0
1247,-174.78163457339383,428.67914805813945,0.0
1248,-160.77381417915785,-434.3842337531599,0.0
1249,412.1864795084298,211.81050914660062,0.0
1250,-447.2420235284848,122.30909847766097,0.0
1251,247.29224735499716,-392.49853342962786,0.0
1252,82.82634976708302,456.6968523285356,0.0
1253,-369.7597052616538,-280.9514155575862,0.0
1254,462.6691073855394,-42.62636011682552,0.0
1255,-312.52599672890483,344.1381065523876,0.0
1256,-2.016050767170196,-465.1057402030042,0.0
1257,315.8243232387631,341.7694301419587,0.0
1258,-463.9807288648051,-38.69387186701376,0.0
1259,368.4525365312449,-285.0299987229603,0.0
1260,-79.19129410414918,459.29533368869926,0.0
1261,-251.98625227231787,-392.3653137057558,0.0
1262,451.0781438350201,119.16508861126005,0.0
1263,-413.31858854707036,216.9419445591649,0.0
1264,158.30750536456455,-439.3849140835403,0.0
1265,180.1618033560941,431.1455124029975,0.0
1266,-424.29819260304873,-196.3165415761199,0.0
1267,445.7028880646828,-141.92442350386003,0.0
1268,-232.89827233151982,405.92674214666965,0.0
1269,-102.52015626440303,-456.87231778576523,0.0
1270,384.4047586989924,267.76912394852525,0.0
1271,-464.56116315650405,62.248904052614265,0.0
1272,300.6580724702848,-359.8908931663743,0.0
1273,21.417837300347056,468.70330907351445,0.0
1274,-332.56708322724563,-331.3087502466427,0.0
1275,469.2597255360342,19.66094916123664,0.0
1276,-359.4814442290595,302.63720393305323,0.0
1277,60.672822314744884,-466.2188225411472,0.0
1278,270.3255470611963,384.9549704039854,0.0
1279,-459.59659493134876,-101.30302151521535,0.0
1280,407.52840971022164,-235.8751405579455,0.0
1281,-141.23907492052226,449.43655565618275,0.0
1282,-199.54592066147296,-427.0226918210551,0.0
1283,435.8094575330818,180.1732032373273,0.0
1284,-443.28201431400936,161.6127704529449,0.0
1285,217.8046922865365,-418.81280521854154,0.0
1286,122.36343963805041,456.1750859913525,0.0
1287,-398.5701607168616,-253.84221609474577,0.0
1288,465.5961844436977,-82.09636130404289,0.0
1289,-288.00609256176404,375.23024734742756,0.0
1290,-41.1183822208724,-471.4660193570641,0.0
1291,348.96585865059046,320.03045423662223,0.0
1292,-473.73239453997536,-0.2575760472725785,0.0
1293,349.6653173520871,-319.9725802245617,0.0
1294,-41.714907387344574,472.37066318032475,0.0
1295,-288.4673339396487,-376.67853301610324,0.0
1296,467.3839724201621,82.93574447671615,0.0
1297,-400.8576053323011,254.68675536031887,0.0
1298,123.6033966625674,-458.8032949481892,0.0
1299,218.88541650920132,422.01136221424605,0.0
1300,-446.6872469422736,-163.40478367891362,0.0
1301,439.9714657620728,-181.33390732004003,0.0
1302,-202.03284649364596,431.12169333517653,0.0
1303,-142.31679023928177,-454.59375027727606,0.0
1304,412.21914301333317,239.1889167166366,0.0
1305,-465.7593772926245,102.13044343966601,0.0
1306,274.5850262816972,-390.11793817833694,0.0
1307,61.08080899594615,473.375798379615,0.0
1308,-364.9812436912539,-307.94613953808164,0.0
1309,477.3775179550861,-19.481063135660122,0.0
1310,-339.0122904483241,336.9958437687513,0.0
1311,22.350773689423537,-477.72664983049935,0.0
1312,306.3707548952661,367.54060828444517,0.0
1313,-474.41326282036556,-64.0942686680552,0.0
1314,393.30721603886866,-273.3356652454526,0.0
1315,-105.42903182911047,467.4555123383755,0.0
1316,-238.13921226481952,-416.10898671366766,0.0
1317,456.8995565486312,146.0371757588266,0.0
1318,-435.7651437149698,201.0471113232221,0.0
1319,185.60576094681232,-442.81925729244136,0.0
1320,162.34014952581163,452.11869275052754,0.0
1321,-425.3156676657388,-223.82920794543523,0.0
1322,465.03767389882154,-122.31205982996885,0.0
1323,-260.4116577454585,404.51630976557686,0.0
1324,-81.26729156627752,-474.4162238780169,0.0
1325,380.5742477437179,295.06926213247425,0.0
1326,-480.17543998236204,39.51869428919862,0.0
1327,327.5323862912616,-353.6669628885123,0.0
1328,-2.6148674178128233,482.2640386612778,0.0
1329,-323.99503899086676,-357.5477065650909,0.0
1330,480.6588032809842,44.81094999307237,0.0
1331,-384.8801870495402,291.7806677241838,0.0
1332,86.74599918724061,-475.3648172181472,0.0
1333,257.2659851704845,409.31491959979417,0.0
1334,-466.4154800770943,-128.09783169526946,0.0
1335,430.65881285103586,-220.71125194289502,0.0
1336,-168.54811108759102,453.8723064853229,0.0
1337,-182.39289058460793,-448.7421169814893,0.0
1338,437.82450859079813,207.78479901301176,0.0
1339,-463.4197721886889,142.60139504136444,0.0
1340,245.50456279144666,-418.388365049975,0.0
1341,101.63912802247405,474.57257017669986,0.0
1342,-395.7063809411347,-281.4151208179431,0.0
1343,482.1081193710946,-59.81802295369317,0.0
1344,-315.23750764005877,369.9462446530563,0.0
1345,-17.457207991861992,-485.96160606804483,0.0
1346,341.2995893708723,346.70824115330316,0.0
1347,-486.09634527726666,-25.119429796468133,0.0
1348,375.58137507785153,-309.98056829722543,0.0
1349,-67.58572149562939,482.50411662273535,0.0
1350,-276.2242541957558,-401.63042072904585,0.0
1351,475.20528230797254,109.6157156913306,0.0
1352,-424.6501230680277,240.28487521424125,0.0
1353,150.88618095418644,-464.2486858217412,0.0
1354,202.4339002256926,444.45807710994677,0.0
1355,-449.71133174236473,-191.07909223875293,0.0
1356,460.896171967394,-162.95798810736395,0.0
1357,-229.8840820674856,431.69784868171945,0.0
1358,-122.15681645068048,-473.83185110698815,0.0
1359,410.33973908028946,267.0008376032091,0.0
1360,-483.1591787876021,80.34080615107885,0.0
1361,302.14142509356145,-385.7944212096389,0.0
1362,37.828759158107,488.79970411901115,0.0
1363,-358.24407034557686,-335.03252369380687,0.0
1364,490.7031157186413,5.054572633776101,0.0
1365,-365.4175513366477,327.89426763170883,0.0
1366,47.98096881005878,-488.8476815398714,0.0
1367,294.97246664694495,393.058666114374,0.0
1368,-483.2404700858491,-90.62125321132939,0.0
1369,417.7386275640024,-259.7262891102489,0.0
1370,-132.64781881662623,473.9173508954718,0.0
1371,-222.42166249041702,-439.26250329309215,0.0
1372,460.942773880273,173.73714536354112,0.0
1373,-457.4592075448648,183.3408135275469,0.0
1374,213.5722903529461,-444.40932878945574,0.0
1375,142.7801328063875,472.18285956739123,0.0
1376,-424.437087772186,-251.84533425431073,0.0
1377,483.31395101338467,-101.04792654104503,0.0
1378,-288.2597610434515,401.1727356784758,0.0
1379,-58.46207262749941,-490.7603130442826,0.0
1380,374.7884943796586,322.5327556660448,0.0
1381,-494.45787533383185,15.347598787940433,0.0
1382,354.39740062406923,-345.48084898390925,0.0
1383,-27.965798737079506,494.3712107507489,0.0
1384,-313.46908535916344,-383.604754624139,0.0
1385,490.49386113515396,71.14627700137282,0.0
1386,-409.92579710100296,278.99364984319675,0.0
1387,113.86238937683063,-482.8484412568901,0.0
1388,242.31434340714964,433.1532234298385,0.0
1389,-471.4865197427387,-155.78563029529045,0.0
1390,453.1030767598981,-203.70836383359233,0.0
1391,-196.59296216623892,456.48827747092423,0.0
1392,-163.4682106632137,-469.6162036312024,0.0
1393,437.96194564201755,235.96930502865376,0.0
1394,-482.55952186605043,121.89946874601273,0.0
1395,273.60996974552654,-416.04302743225855,0.0
1396,79.31848719495451,491.8270906481136,0.0
1397,-390.8933088053364,-309.22301594780777,0.0
1398,497.3409742030185,-36.04997137481093,0.0
1399,-342.53151647789093,362.6996656889154,0.0
1400,7.575493740320126,-499.05189206423273,0.0
1401,331.67267630006313,373.2757107673946,0.0
1402,-496.9396505347809,-51.223969946160885,0.0
1403,401.2150304048982,-298.04504891699486,0.0
1404,-94.56072261243244,491.0133516264515,0.0
1405,-262.0698768314477,-426.12998110038524,0.0
1406,481.3113774609304,137.25278833110968,0.0
1407,-447.8238663273719,224.0187335653535,0.0
1408,178.9715337084675,-467.9011498386903,0.0
1409,184.17962268674788,466.124339113006,0.0
1410,-450.87866640826513,-219.39518563248927,0.0
1411,480.8847697418941,-142.8547977032494,0.0
1412,-258.21131353028176,430.36781658749436,0.0
1413,-100.35846853796963,-491.9854185312723,0.0
1414,406.5194820861886,295.11924446329675,0.0
1415,-499.3344043128633,57.01441199427371,0.0
1416,329.83239238911136,-379.5104285433714,0.0
1417,13.15350438524156,502.86846080914967,0.0
1418,-349.5419964089193,-362.08048354383845,0.0
1419,502.55347470704487,30.888804865171096,0.0
1420,-391.61166066437625,316.8386007565664,0.0
1421,74.77505935450925,-498.3848008977539,0.0
1422,281.64605120075333,418.19444966903967,0.0
1423,-490.3873520552737,-118.16838193259963,0.0
1424,441.61957344196674,-244.2297044921617,0.0
1425,-160.7350612055098,478.6154614544556,0.0
1426,-204.87246367503178,-461.701598513404,0.0
1427,463.1525196696017,202.14711844937398,0.0
1428,-478.28040168594526,163.8726388933002,0.0
1429,242.08483518526594,-444.11038753283606,0.0
1430,121.54168602276829,491.2224450165525,0.0
1431,-421.6285894546122,-280.2392219327588,0.0
1432,500.42184901546733,-78.2018402743342,0.0
1433,-316.3144090764692,395.873292903424,0.0
1434,-34.18366275113784,-505.8012554549246,0.0
1435,367.0360814949913,350.0299413437981,0.0
1436,-507.31247278128023,-10.176481356401464,0.0
1437,381.1229580991906,-335.33253074012106,0.0
1438,-54.538993694857375,504.9368987815822,0.0
1439,-301.0005970327006,-409.3502425053524,0.0
1440,498.68571685711,98.5636431366339,0.0
1441,-434.4901235787446,264.2988319129786,0.0
1442,141.912175716968,-488.59986398897536,0.0
1443,225.50443500510218,456.3442162680439,0.0
1444,-474.7497702312644,-184.25091409361912,0.0
1445,474.73898590186826,-184.91116029117285,0.0
1446,-225.25332654837305,457.2348713219784,0.0
1447,-142.8270915369671,-489.5271246767713,0.0
1448,436.1828977477173,264.60254574770863,0.0
1449,-500.58872927831095,99.57230371787799,0.0
1450,301.9938178305615,-411.74894532121755,0.0
1451,55.47642819942295,507.8322702361454,0.0
1452,-384.1143340182109,-337.13686289164565,0.0
1453,511.1953451971559,-10.87614019763614,0.0
1454,-369.7581285756762,353.4852634585898,0.0
1455,33.88741232533853,-510.6452099465186,0.0
1456,320.0912749938582,399.6029192863687,0.0
1457,-506.17908270289377,-78.4712186912122,0.0
1458,426.43738443845336,-284.1835318660915,0.0
1459,-122.53303448795103,497.82421894752787,0.0
1460,-246.03293032143864,-450.0503502342759,0.0
1461,485.63775580481524,165.73400935048667,0.0
1462,-470.2549806209937,205.92805588252196,0.0
1463,207.74129335914836,-469.7063267602689,0.0
1464,164.1730001986108,486.8902543710965,0.0
1465,-450.14544926733305,-248.2306020037757,0.0
1466,499.8222466182976,-121.08505499062534,0.0
1467,-286.8887199443185,427.09868954346047,0.0
1468,-76.99230058124097,-508.94520466225754,0.0
1469,400.73661057490256,323.41592423396895,0.0
1470,-514.1824094178854,32.231107340894084,0.0
1471,357.5283082554296,-371.25551102545495,0.0
1472,-12.85643091833958,515.4868155162598,0.0
1473,-338.8759643640106,-388.95998835055786,0.0
1474,512.84146475209,57.9251120128574,0.0
1475,-417.46517599300154,303.84116907665174,0.0
1476,102.62926892685485,-506.25966930424113,0.0
1477,266.41512229912104,442.82009935610046,0.0
1478,-495.78496291792464,-146.62542157235845,0.0
1479,464.82475925681024,-226.88063058341135,0.0
1480,-189.57491642286476,481.4908200162407,0.0
1481,-185.53717278715254,-483.30450570225145,0.0
1482,463.48014449117795,231.14653373104215,0.0
1483,-498.1114226193251,142.69863123647698,0.0
1484,271.0190422544986,-441.8845316962739,0.0
1485,98.69090835298493,509.1255097994496,0.0
1486,-416.86330891124044,-308.8836817817786,0.0
1487,516.2556526288845,-53.849446845101824,0.0
1488,-344.4465542709673,388.6023612595176,0.0
1489,-8.516672336310156,-519.4403717886225,0.0
1490,357.3127517197057,377.43090508181,0.0
1491,-518.648346784205,-36.96062206872995,0.0
1492,407.5792765942315,-323.22914546830646,0.0
1493,-82.23392929935717,513.8787088922562,0.0
1494,-286.60805031178757,-434.6555174555455,0.0
1495,505.1611008738629,126.95569960744653,0.0
1496,-458.4466317784527,247.72588639887425,0.0
1497,170.7820091497051,-492.5555025916662,0.0
1498,206.87689973798405,478.7644538140321,0.0
1499,-476.1518234639734,-213.37520536949566,0.0
1500,495.44713493932636,-164.37093526944471,0.0
1501,-254.40650882675592,456.0692644815804,0.0
1502,-120.53108634797593,-508.3604312178872,0.0
1503,432.4554542875016,293.55855142397155,0.0
1504,-517.3987813030541,75.691238469158,0.0
1505,330.52783143011715,-405.4853655628049,0.0
1506,30.193525916531712,522.4861660463358,0.0
1507,-375.3600196597627,-365.0270663097752,0.0
1508,523.5767428349488,15.61427929314327,0.0
1509,-396.7874251168797,342.30498906345673,0.0
1510,61.38142623572468,-520.6552494006864,0.0
1511,306.5687088320962,425.56062310619416,0.0
1512,-513.7371736037461,-106.75687134481821,0.0
1513,451.1208622440733,-268.42060965245685,0.0
1514,-151.391971538858,502.8686874864601,0.0
1515,-228.14908653845544,-473.2666024556292,0.0
1516,488.12634569934767,194.94316354490644,0.0
1517,-491.8221497194327,186.0593184870926,0.0
1518,237.07460882466034,-469.61655021167644,0.0
1519,142.47095557675433,506.63904850376485,0.0
1520,-447.4747850168725,-277.4607837371947,0.0
1521,517.5972675197359,-97.71569103897853,0.0
1522,-315.788994958857,421.8646263158275,0.0
1523,-52.13473674800799,-524.6061693350962,0.0
1524,392.9765353947502,351.7618007207436,0.0
1525,-527.6052560363792,6.076221345529744,0.0
1526,385.09931911445284,-361.0264430953013,0.0
1527,-40.107469155237446,526.5646848336164,0.0
1528,-326.25413639034565,-415.54140555227485,0.0
1529,521.4855492582719,86.06238796656191,0.0
1530,-442.8496824424602,288.9214591162165,0.0
1531,131.43574068468178,-512.3999233978132,0.0
1532,249.31034035996987,466.80940524646456,0.0
1533,-499.3706684257748,-175.87859420801865,0.0
1534,487.23115031480677,-207.72066534644551,0.0
1535,-219.0485606108178,482.49100251036725,0.0
1536,-164.46800490474917,-503.9523112420973,0.0
1537,461.8838370037376,260.61243532493376,0.0
1538,-516.838391930438,119.88122070530511,0.0
1539,300.24876930006104,-437.7008836128905,0.0
1540,74.29996444634163,525.7840860899679,0.0
1541,-410.12153902226373,-337.65035528103436,0.0
1542,530.7141345309896,-28.072090005720728,0.0
1543,-372.5266089744658,379.351555153972,0.0
1544,18.449001717806436,-531.583953290966,0.0
1545,345.6215049153811,404.60582664433997,0.0
1546,-528.3800273896936,-64.90706500456783,0.0
1547,433.6373015987278,-309.1850548684623,0.0
1548,-110.94573788906332,521.1200667963632,0.0
1549,-270.3170577579129,-459.3932830824876,0.0
1550,509.85292301260637,156.21127620719494,0.0
1551,-481.6707622736626,229.31147923987595,0.0
1552,200.3552721357028,-494.6582665112057,0.0
1553,186.47917445021955,500.29307138341005,0.0
1554,-475.6460271069363,-243.03733632795235,0.0
1555,515.1112832711277,-142.1455312304965,0.0
1556,-283.9277229949384,452.95560115991043,0.0
1557,-96.64799788164441,-526.005400497316,0.0
1558,426.7548313087609,322.7098776841183,0.0
1559,-532.8853243351732,50.333514231912076,0.0
1560,359.08288806862606,-397.2387661871902,0.0
1561,3.5558655791402076,535.691595935842,0.0
1562,-364.62820927925407,-392.76381877150084,0.0
1563,534.3959035788675,43.327020307785865,0.0
1564,-423.48991210857247,329.1680677030954,0.0
1565,89.95581247281375,-529.0013517255454,0.0
1566,291.1255132670024,451.0206376332218,0.0
1567,-519.5424894148064,-135.9725313736244,0.0
1568,475.1395744989332,-250.7879696035931,0.0
1569,-181.02329767897618,506.0850973851471,0.0
1570,-208.46094054621548,-495.6561119128846,0.0
1571,488.725735157753,224.76105415161138,0.0
1572,-512.4069543263381,164.4656961557096,0.0
1573,266.8482396777045,-467.59105116115825,0.0
1574,119.13683392575514,525.2574194849286,0.0
1575,-442.8368608023532,-306.9593948367961,0.0
1576,534.1025190329402,-72.81973368231694,0.0
1577,-344.7836788979375,414.64699917914527,0.0
1578,-25.867925539398342,-538.8678130183695,0.0
1579,383.23195686997644,380.02727877484057,0.0
1580,-539.5100313674669,-21.359609027312235,0.0
1581,412.4156912704803,-348.8273089168685,0.0
1582,-68.50118238088054,536.0174571753794,0.0
1583,-311.6919487216757,-441.69586088393584,0.0
1584,528.4100684799395,115.1951712005785,0.0
1585,-467.63815653229125,272.1061400929435,0.0
1586,161.08279101085444,-516.7394370346398,0.0
1587,230.3694020985991,490.0381717500668,0.0
1588,-501.0883844602262,-205.81085347055088,0.0
1589,508.7183342588327,-186.79824268737556,0.0
1590,-249.03448522873842,481.5703980178683,0.0
1591,-141.7237582290812,-523.5293122403571,0.0
1592,458.3288100961849,290.41978741410327,0.0
1593,-534.3512061869526,95.4891171812433,0.0
1594,329.64641524658634,-431.5357473252972,0.0
1595,48.446947008956954,541.0945168309603,0.0
1596,-401.3908570095218,-366.4100578399477,0.0
1597,543.7008813591569,-0.9566442586633042,0.0
1598,-400.4247989979149,368.1198202925537,0.0
1599,46.61837169110941,-542.1435718843502,0.0
1600,331.97266312172275,431.4253406891843,0.0
1601,-536.4277519620408,-93.9134402133111,0.0
1602,459.16907191123784,-293.2218776483183,0.0
1603,-140.56545505625144,526.5904887909313,0.0
1604,-252.1603681768681,-483.4379668120683,0.0
1605,512.7005206080855,186.21565257159358,0.0
1606,-504.04029722378897,209.09923714614536,0.0
1607,230.51237113243846,-494.8577806683271,0.0
1608,164.36542787786516,520.8121461630718,0.0
1609,-473.1926810686134,-273.11376051415056,0.0
1610,533.6187103598289,-118.29924195570544,0.0
1611,-313.69042036057243,447.8651615272256,0.0
1612,-71.25175008858982,-542.3553814761324,0.0
1613,419.06351004044785,351.9279473691613,0.0
1614,-546.9485973599024,23.58211616027057,0.0
1615,387.5293714966948,-387.002964101984,0.0
1616,-24.34514513459548,547.3564564296001,0.0
1617,-351.92410286905795,-420.21746230765496,0.0
1618,543.5690900936839,72.1629561250788,0.0
1619,-449.7368875541412,314.0910422808092,0.0
1620,119.50448814387498,-535.6087899581332,0.0
1621,273.78944666666075,475.8562071820046,0.0
1622,-523.5298884527868,-166.005976107542,0.0
1623,498.36968719455064,-231.32437181287577,0.0
1624,-211.30951409776944,507.4183933981782,0.0
1625,-187.0179557733959,-517.0989191633467,0.0
1626,487.39137892449565,255.06581045577332,0.0
1627,-531.8942326451438,141.2069749059578,0.0
1628,296.9368811785047,-463.5961370287358,0.0
1629,94.24028367704564,542.6358893335766,0.0
1630,-436.2090959006028,-336.598660845277,0.0
1631,549.2350494322365,-46.47615770108353,0.0
1632,-373.74351090354844,405.43451294806,0.0
1633,1.7204397469007486,-551.6345024693325,0.0
1634,371.50295219572627,408.0826058985706,0.0
1635,-549.8091565702557,-49.98064688627591,0.0
1636,439.3481791378828,-334.66955740008,0.0
1637,-97.93452693417382,543.7662820492611,0.0
1638,-295.2121338117305,-467.2956103314675,0.0
1639,533.5455070610716,145.21390434047663,0.0
1640,-491.70533893393934,253.4290530045249,0.0
1641,191.45519200575882,-519.2185649531142,0.0
1642,209.63699657238695,512.3845882275436,0.0
1643,-500.88879486476014,-236.3021877683975,0.0
1644,529.1688866140873,-164.16855575675046,0.0
1645,-279.40881864874046,478.69039901672124,0.0
1646,-117.36970520037815,-541.9233741194369,0.0
1647,452.78746200708446,320.4418117054031,0.0
1648,-550.5438837442623,69.59717001834116,0.0
1649,359.08327088889354,-423.372739265909,0.0
1650,21.215706226115774,554.9577890069082,0.0
1651,-390.6662236037143,-395.0331399670241,0.0
1652,555.124610805612,27.404684738617945,0.0
1653,-428.0115324399087,354.91350050677073,0.0
1654,75.89158612540085,-551.036378564191,0.0
1655,316.38390447057805,457.7609103535358,0.0
1656,-542.7177425037723,-123.87301896060534,0.0
1657,484.048095052561,-275.3684902095644,0.0
1658,-170.9802962558943,530.2258357887529,0.0
1659,-232.17783402384472,-506.66609417660976,0.0
1660,513.6498872133957,216.85085643142895,0.0
1661,-525.4357305905187,187.13968193159786,0.0
1662,261.1310541750911,-493.11058701154303,0.0
1663,140.59646237787706,540.2070604371195,0.0
1664,-468.7592102711632,-303.47888725177484,0.0
1665,550.8605691000445,-92.90268239803355,0.0
1666,-343.5666382350276,440.7765043032189,0.0
1667,-44.42222703800146,-557.308135551495,0.0
1668,409.371348136265,381.0834107537191,0.0
1669,-559.4937573231201,-4.4744173928597055,0.0
1670,415.7375406244721,-374.7791940701798,0.0
1671,-53.412995044007396,557.3940301637047,0.0
1672,-337.26030291089495,-447.2588631705741,0.0
1673,551.0183783213157,102.01834557379506,0.0
1674,-475.400819103089,297.0977861098164,0.0
1675,149.91728059076007,-540.4090332955967,0.0
1676,254.59546953440244,499.9423825518771,0.0
1677,-525.6407608334331,-196.74144942810236,0.0
1678,520.6897961741097,-210.07559498838273,0.0
1679,-242.13017224112477,506.8203378734546,0.0
1680,-163.87637687050042,-537.4780997255368,0.0
1681,484.0857830669707,285.7332186342697,0.0
1682,-550.1724400442182,116.34943249950516,0.0
1683,327.2135104089146,-457.60534640016283,0.0
1684,67.85710563145783,558.6691520558174,0.0
1685,-427.5762653000916,-366.2497275725927,0.0
1686,562.8966021512692,-18.76970354535441,0.0
1687,-402.5387974608065,394.2232964109696,0.0
1688,30.537331232123222,-562.8157870984328,0.0
1689,357.7970339632805,435.798247688903,0.0
1690,-558.4206835154206,-79.68629295783735,0.0
1691,465.7684046671545,-318.572027313251,0.0
1692,-128.30010648549484,549.7383448404071,0.0
1693,-276.8447117910686,-492.2144205696728,0.0
1694,536.8287446662815,176.00522068623823,0.0
1695,-514.928112938402,232.93116845095722,0.0
1696,222.43447927082997,-519.7843672537227,0.0
1697,187.16472965343945,533.7296025174768,0.0
1698,-498.72954797819153,-267.22994694725634,0.0
1699,548.468736440028,-139.8934486193823,0.0
1700,-310.04566915673934,473.81956839007285,0.0
1701,-91.47745216725943,-559.0262855175126,0.0
1702,445.23951245792813,350.55034410781934,0.0
1703,-565.3149060984919,42.28619677102874,0.0
1704,388.4298864689574,-413.20289240798394,0.0
1705,-7.304351151212617,567.2798587564238,0.0
1706,-377.9500543543491,-423.3898628803297,0.0
1707,564.8994779208662,56.914589193982835,0.0
1708,-455.157780399245,339.74637562025646,0.0
1709,106.16418519549467,-558.1853884691138,0.0
1710,298.88026726764076,483.4852100938119,0.0
1711,-547.1824672319668,-154.67499348550777,0.0
1712,508.1497292379007,-255.66099686805418,0.0
1713,-202.07395879080298,531.968549321647,0.0
1714,-210.41634795047602,-528.9566669277638,0.0
1715,512.6538811488965,247.9959854910046,0.0
1716,-545.740639426614,163.49013384006795,0.0
1717,292.08675015513364,-489.3803239432576,0.0
1718,115.23958474634881,558.3668631367656,0.0
1719,-462.32031351141165,-334.00543568950366,0.0
1720,566.7322347875456,-66.03262796062221,0.0
1721,-373.42736599683616,431.67558384814004,0.0
1722,-16.245081872884448,-570.7661701982687,0.0
1723,397.6756640385331,410.0465207783231,0.0
1724,-570.4311948156471,-33.742214788884006,0.0
1725,443.5779109996963,-360.57615964440157,0.0
1726,-83.54631656474668,565.7232811200646,0.0
1727,-320.65683143888435,-473.75979658256836,0.0
1728,556.6719299307001,132.78510542005213,0.0
1729,-500.3557290656381,278.21948592802477,0.0
1730,181.08022296858795,-543.3399946007431,0.0
1731,233.58569356436948,523.1564032979239,0.0
1732,-525.8232490658825,-228.05997825749304,0.0
1733,541.9813036680878,-187.09435190402138,0.0
1734,-273.36220876365894,504.2497026767374,0.0
1735,-139.0991121745159,-556.6801319292541,0.0
1736,478.77866669382763,316.63707257705255,0.0
1737,-567.1340053357336,89.9656887968684,0.0
1738,357.54975024166293,-449.5995792370539,0.0
1739,40.06907233268819,573.2564155541642,0.0
1740,-416.9305973457489,-395.7830353860697,0.0
1741,574.9939406335023,10.209332900976731,0.0
1742,-431.039794098105,381.0169666057595,0.0
1743,60.48462469656119,-572.3267042021565,0.0
1744,342.12918052282686,463.0452739756752,0.0
1745,-565.2685779919874,-110.37135000518641,0.0
1746,491.5492449112336,-300.5609434533988,0.0
1747,-159.4864606021823,553.8671257531304,0.0
1748,-256.6269524322553,-516.3279549322306,0.0
1749,538.2032886056112,207.45225470133576,0.0
1750,-537.1858858146105,210.6605146490956,0.0
1751,253.89928192451023,-518.3908138583062,0.0
1752,163.0110186124771,553.9572947005587,0.0
1753,-494.5754312977463,-298.46918928107664,0.0
1754,566.5075295737641,-114.04127818916544,0.0
1755,-340.8174862312961,466.9337828933729,0.0
1756,-64.12476971101887,-574.7341081631747,0.0
1757,435.6721137671963,380.61620749643447,0.0
1758,-578.56755164653,13.642783192064583,0.0
1759,417.5564530317006,-401.0247341197047,0.0
1760,-37.01849061132914,577.9719663941407,0.0
1761,-363.2522635760678,-451.35078549052423,0.0
1762,572.9453689172256,87.47091503985214,0.0
1763,-481.73546657348373,322.63967110349256,0.0
1764,137.32738165855474,-563.5197511488941,0.0
1765,279.49412523890896,508.47251486436716,0.0
1766,-549.7608851745774,-186.2047808791087,0.0
1767,531.3515691003736,-234.14267084368268,0.0
1768,-233.72694627751224,531.7678685271103,0.0
1769,-186.92974995723222,-550.1915422931617,0.0
1770,509.67241315444676,279.52754997616563,0.0
1771,-564.8420537012752,138.21458554371415,0.0
1772,323.2529268016574,-483.6378831398092,0.0
1773,88.36844800573142,575.1846273403853,0.0
1774,-453.8580881897952,-364.56480544361625,0.0
1775,581.1336474930223,-37.77182526783146,0.0
1776,-403.14292552189397,420.5558417906416,0.0
1777,13.188481996964487,-582.637063530498,0.0
1778,383.9812947519655,438.6875203141729,0.0
1779,-579.6768382724758,-64.12231781836583,0.0
1780,470.9216458975713,-344.41005659676676,0.0
1781,-114.63915844189641,572.2691360694882,0.0
1782,-302.14111890285415,-499.59333860850563,0.0
1783,560.464248785695,164.35110702435284,0.0
1784,-524.4775840163293,257.49459624133357,0.0
1785,212.87587254373054,-544.3462598680487,0.0
1786,210.80930178042186,545.378082028397,0.0
1787,-524.0324486983814,-259.83971004348547,0.0
1788,562.1287942864807,-162.44017591651306,0.0
1789,-304.8802995945346,499.6724394213443,0.0
1790,-112.75558744900957,-574.5952616651994,0.0
1791,471.44710040823895,347.6495417959235,0.0
1792,-582.6756814298278,62.13452782187884,0.0
1793,387.8162482434948,-439.56720243944915,0.0
1794,10.96371980526069,586.3017354402308,0.0
1795,-404.27184555158914,-425.0687061707557,0.0
1796,585.4391626858022,40.36533732202229,0.0
1797,-459.1170974017542,365.82666628522753,0.0
1798,91.45936350901702,-580.0880713887136,0.0
1799,324.5218387712847,489.69575284517543,0.0
1800,-570.282987904563,-141.9263116616184,0.0
