id,x,y,z,type
0,178,184.4,0,MM
1,-179.2,183.6,0,MM
2,203.6,181.6,0,MM
3,162,182.4,0,MM
4,124.4,182,0,MM
5,100.8,182,0,MM
6,-102,182,0,MM
7,-162.8,181.6,0,MM
8,-125.2,181.2,0,MM
9,-204.4,180.4,0,MM
10,44.8,179.2,0,MM
11,-45.6,179.2,0,MM
12,148.8,178.8,0,MM
13,-150,177.2,0,MM
14,187.6,175.6,0,MM
15,112.8,176,0,MM
16,87.6,175.6,0,MM
17,57.2,176,0,MM
18,-58.8,175.6,0,MM
19,-113.2,175.6,0,MM
20,18.4,174.8,0,MM
21,-88.8,174.4,0,MM
22,136.4,174,0,MM
23,-20.4,174,0,MM
24,-137.2,173.6,0,MM
25,-189.2,174,0,MM
26,33.6,172.4,0,MM
27,-35.6,172.4,0,MM
28,212.4,171.6,0,MM
29,174.4,171.6,0,MM
30,73.6,170.8,0,MM
31,-74.8,170.4,0,MM
32,-176,170.8,0,MM
33,-214.4,170.8,0,MM
34,-49.6,170,0,MM
35,160.4,169.2,0,MM
36,99.2,168.8,0,MM
37,48.8,169.2,0,MM
38,-161.2,168.8,0,MM
39,123.6,168,0,MM
40,-101.2,168,0,MM
41,-125.2,168,0,MM
42,236.8,166,0,MM
43,196.4,165.2,0,MM
44,147.2,165.6,0,MM
45,-198,165.2,0,MM
46,-238,165.2,0,MM
47,62.8,164.4,0,MM
48,24.8,164.4,0,MM
49,-26.4,164.4,0,MM
50,-64.4,164.4,0,MM
51,-147.6,164.4,0,MM
52,89.2,163.6,0,MM
53,-90.8,163.6,0,MM
54,220,162.8,0,MM
55,183.6,162.8,0,MM
56,38.8,162.8,0,MM
57,133.6,161.6,0,MM
58,112.8,161.6,0,MM
59,-40,162,0,MM
60,-184.4,161.6,0,MM
61,-220.4,162.4,0,MM
62,-113.2,160.8,0,MM
63,-134.8,160.8,0,MM
64,170.8,159.6,0,MM
65,-78.4,159.2,0,MM
66,77.2,158.8,0,MM
67,52.8,158.8,0,MM
68,-54.8,158,0,MM
69,-171.6,158,0,MM
70,157.6,156.8,0,MM
71,101.2,156.4,0,MM
72,17.2,156.4,0,MM
73,-19.2,156.4,0,MM
74,-102,156.4,0,MM
75,-158.8,156.4,0,MM
76,244.4,155.6,0,MM
77,29.2,155.2,0,MM
78,-30.8,154.8,0,MM
79,66.4,154,0,MM
80,-67.6,154,0,MM
81,-246,154,0,MM
82,228,152.8,0,MM
83,144.4,153.2,0,MM
84,90.4,152,0,MM
85,43.6,151.6,0,MM
86,-45.2,151.6,0,MM
87,-92,151.6,0,MM
88,-145.2,152,0,MM
89,194.4,150.4,0,MM
90,-229.6,150.8,0,MM
91,210,149.2,0,MM
92,180.8,149.2,0,MM
93,129.2,148.8,0,MM
94,-195.6,149.6,0,MM
95,116,147.6,0,MM
96,80,147.6,0,MM
97,56.4,147.6,0,MM
98,-57.2,147.6,0,MM
99,-81.2,147.6,0,MM
100,-116.8,147.6,0,MM
101,-130.8,147.6,0,MM
102,-182,147.6,0,MM
103,-211.6,147.6,0,MM
104,166.8,146.8,0,MM
105,-168.4,146,0,MM
106,103.6,145.2,0,MM
107,252.4,144,0,MM
108,154,144,0,MM
109,33.6,144.8,0,MM
110,-34.4,144,0,MM
111,-104.4,144.8,0,MM
112,70,142.8,0,MM
113,-154.8,142.8,0,MM
114,-252.8,142.8,0,MM
115,235.2,141.6,0,MM
116,-71.2,142,0,MM
117,92.4,141.2,0,MM
118,-47.6,141.2,0,MM
119,47.2,140.8,0,MM
120,-93.2,140.8,0,MM
121,-236.4,140,0,MM
122,140.4,139.6,0,MM
123,-142,139.6,0,MM
124,218.8,138.8,0,MM
125,204.4,138,0,MM
126,190,138,0,MM
127,128.4,138,0,MM
128,80.4,137.6,0,MM
129,-219.2,138,0,MM
130,20.8,136.8,0,MM
131,-129.2,137.2,0,MM
132,-191.6,137.2,0,MM
133,175.6,136.4,0,MM
134,60.4,136.4,0,MM
135,-21.6,136.4,0,MM
136,-81.6,136.4,0,MM
137,-206,136.8,0,MM
138,116,135.2,0,MM
139,-61.2,135.2,0,MM
140,-116.8,134.8,0,MM
141,-177.2,134.8,0,MM
142,163.2,133.6,0,MM
143,36,134,0,MM
144,-37.2,133.6,0,MM
145,104,133.2,0,MM
146,-164,133.2,0,MM
147,258.8,132.4,0,MM
148,-104.8,132.4,0,MM
149,-260.4,131.2,0,MM
150,242,130.8,0,MM
151,150,130,0,MM
152,92.8,130,0,MM
153,-94,130,0,MM
154,51.2,129.6,0,MM
155,-52.4,129.2,0,MM
156,-151.2,129.6,0,MM
157,-243.6,128.8,0,MM
158,138.4,128.4,0,MM
159,27.2,127.2,0,MM
160,-27.6,127.2,0,MM
161,-139.2,127.2,0,MM
162,225.2,126.8,0,MM
163,211.2,126.8,0,MM
164,127.2,126.4,0,MM
165,198.8,126,0,MM
166,80.4,126,0,MM
167,-128.4,126,0,MM
168,-226.4,126,0,MM
169,184.8,125.6,0,MM
170,170.8,124.8,0,MM
171,114.8,124.8,0,MM
172,-81.6,125.2,0,MM
173,-185.6,124.8,0,MM
174,-200,125.2,0,MM
175,-211.6,125.2,0,MM
176,41.2,123.6,0,MM
177,-42,123.6,0,MM
178,-116.4,123.6,0,MM
179,-171.6,123.6,0,MM
180,66.4,123.2,0,MM
181,-66.8,123.2,0,MM
182,103.6,122,0,MM
183,265.2,121.2,0,MM
184,248,120.8,0,MM
185,-104.4,121.2,0,MM
186,18.4,120.4,0,MM
187,-19.2,120.4,0,MM
188,-248.4,120.4,0,MM
189,-266,120,0,MM
190,55.6,118.8,0,MM
191,-56.4,118.8,0,MM
192,92.4,118,0,MM
193,31.2,117.6,0,MM
194,-32.4,117.6,0,MM
195,-93.2,117.6,0,MM
196,149.2,116,0,MM
197,137.2,116,0,MM
198,80.4,115.2,0,MM
199,125.6,114.8,0,MM
200,-80.8,114.8,0,MM
201,-138.8,114.8,0,MM
202,-150,114.8,0,MM
203,220,113.6,0,MM
204,206,113.6,0,MM
205,193.2,114.4,0,MM
206,179.6,113.6,0,MM
207,164.4,113.6,0,MM
208,45.6,113.6,0,MM
209,-126,114,0,MM
210,-193.6,113.6,0,MM
211,-208,113.6,0,MM
212,-180,113.2,0,MM
213,114,112.4,0,MM
214,68.8,112.4,0,MM
215,-45.6,112.8,0,MM
216,-69.6,112.4,0,MM
217,-115.2,112.4,0,MM
218,-165.2,112.4,0,MM
219,-221.2,112.4,0,MM
220,102.8,109.6,0,MM
221,22,110,0,MM
222,-24.4,110,0,MM
223,270.8,108.8,0,MM
224,253.2,108.8,0,MM
225,236,108.8,0,MM
226,-104,108.8,0,MM
227,57.6,108,0,MM
228,-58.4,107.2,0,MM
229,-236.4,108,0,MM
230,-254.4,107.6,0,MM
231,-271.2,107.6,0,MM
232,36,106.8,0,MM
233,-36.8,106.8,0,MM
234,93.2,106,0,MM
235,146.8,104.8,0,MM
236,134.4,104.8,0,MM
237,-92.8,105.6,0,MM
238,122.8,104.4,0,MM
239,81.2,104.4,0,MM
240,-123.6,104.4,0,MM
241,186,103.6,0,MM
242,-82,103.6,0,MM
243,-135.6,103.6,0,MM
244,-147.6,103.6,0,MM
245,159.6,102.4,0,MM
246,200,102,0,MM
247,172.4,102,0,MM
248,48,102,0,MM
249,-186.8,102,0,MM
250,214,101.2,0,MM
251,70,100.8,0,MM
252,-49.6,101.6,0,MM
253,-160.4,101.2,0,MM
254,-172.8,100.8,0,MM
255,-200.4,101.2,0,MM
256,-70.8,100.4,0,MM
257,26.8,99.6,0,MM
258,-214.4,99.6,0,MM
259,227.6,98.8,0,MM
260,-27.6,98.8,0,MM
261,276,97.2,0,MM
262,258,97.2,0,MM
263,241.2,97.2,0,MM
264,58.8,97.2,0,MM
265,-59.6,97.2,0,MM
266,-228.4,97.2,0,MM
267,-241.2,96,0,MM
268,-259.6,96.4,0,MM
269,104,95.6,0,MM
270,39.2,95.6,0,MM
271,-40,95.6,0,MM
272,-276.8,95.6,0,MM
273,92.8,94.8,0,MM
274,-104.8,94.8,0,MM
275,131.6,94,0,MM
276,118.8,93.6,0,MM
277,-93.2,94,0,MM
278,144.4,93.2,0,MM
279,81.2,93.2,0,MM
280,-120.4,93.2,0,MM
281,-132.4,93.2,0,MM
282,155.6,92.4,0,MM
283,-82.4,92.4,0,MM
284,-144,92.4,0,MM
285,166.8,91.2,0,MM
286,17.2,91.2,0,MM
287,193.2,90.8,0,MM
288,-17.6,90.8,0,MM
289,-156.4,90.8,0,MM
290,206,90.4,0,MM
291,179.6,90.4,0,MM
292,70,90,0,MM
293,-70.8,89.6,0,MM
294,-167.6,90.4,0,MM
295,-180,89.6,0,MM
296,-193.2,90,0,MM
297,-206.8,89.2,0,MM
298,220,88.4,0,MM
299,31.2,87.6,0,MM
300,-32,87.6,0,MM
301,-220,87.2,0,MM
302,232.4,86.8,0,MM
303,57.6,86,0,MM
304,262.8,84.8,0,MM
305,246,85.2,0,MM
306,-58.8,85.6,0,MM
307,-233.2,85.2,0,MM
308,280.4,84.4,0,MM
309,102.8,84.4,0,MM
310,114.4,83.6,0,MM
311,91.6,83.6,0,MM
312,-92.4,83.2,0,MM
313,-103.6,83.6,0,MM
314,-115.2,83.2,0,MM
315,-246.8,83.6,0,MM
316,-264,83.6,0,MM
317,139.6,82.4,0,MM
318,127.6,82.8,0,MM
319,-280.4,82.4,0,MM
320,296.4,82,0,MM
321,80.4,82,0,MM
322,44.8,82,0,MM
323,-45.2,82,0,MM
324,-128.4,82,0,MM
325,-140,82,0,MM
326,150.8,81.6,0,MM
327,22,81.2,0,MM
328,-22.4,81.2,0,MM
329,-81.2,81.2,0,MM
330,198.4,80.4,0,MM
331,163.2,80,0,MM
332,-152.4,80.4,0,MM
333,-297.2,80.4,0,MM
334,-198.8,79.6,0,MM
335,68.4,78.8,0,MM
336,-164,78.8,0,MM
337,211.2,77.2,0,MM
338,34,77.2,0,MM
339,-35.2,77.2,0,MM
340,-69.2,77.6,0,MM
341,174.8,76,0,MM
342,-212.4,76.4,0,MM
343,-175.6,75.6,0,MM
344,266.4,74.8,0,MM
345,225.2,74.8,0,MM
346,56.4,74.8,0,MM
347,-56.8,74.8,0,MM
348,-226,74.4,0,MM
349,100.4,73.6,0,MM
350,112.8,73.2,0,MM
351,-267.2,73.2,0,MM
352,238,72.4,0,MM
353,89.6,72.4,0,MM
354,-90,72.4,0,MM
355,-102,72.8,0,MM
356,-112.4,72.4,0,MM
357,284,71.6,0,MM
358,188.4,71.2,0,MM
359,135.2,71.6,0,MM
360,123.2,71.2,0,MM
361,45.6,71.2,0,MM
362,-46.4,71.2,0,MM
363,146.8,70.8,0,MM
364,25.2,70.8,0,MM
365,-124,70.4,0,MM
366,-238.4,70.8,0,MM
367,-284.4,70.8,0,MM
368,78,70,0,MM
369,-25.6,70,0,MM
370,-134.8,70,0,MM
371,-189.2,70,0,MM
372,158,69.2,0,MM
373,-78.8,69.2,0,MM
374,-146,69.2,0,MM
375,299.6,68.4,0,MM
376,-158,68.4,0,MM
377,202,67.6,0,MM
378,-203.6,66.8,0,MM
379,-300.4,66.8,0,MM
380,169.6,66,0,MM
381,67.6,66,0,MM
382,35.6,66.4,0,MM
383,-35.6,66,0,MM
384,-67.6,66,0,MM
385,-170.4,65.6,0,MM
386,252.4,64.8,0,MM
387,216,64.4,0,MM
388,56.4,64.4,0,MM
389,-216.8,64.4,0,MM
390,96.4,63.6,0,MM
391,-56.8,64,0,MM
392,-97.2,63.6,0,MM
393,-253.2,64,0,MM
394,109.2,62.8,0,MM
395,270.8,62,0,MM
396,180.8,62,0,MM
397,230,61.2,0,MM
398,-108.8,61.2,0,MM
399,119.6,60.4,0,MM
400,45.6,60.4,0,MM
401,-46.4,60.4,0,MM
402,-182,60.4,0,MM
403,-270.8,60.4,0,MM
404,150.8,59.6,0,MM
405,-120.4,59.6,0,MM
406,-230,59.6,0,MM
407,287.2,58.8,0,MM
408,-151.6,59.2,0,MM
409,193.2,57.6,0,MM
410,131.2,57.2,0,MM
411,-131.6,57.2,0,MM
412,-193.6,57.2,0,MM
413,-288,57.2,0,MM
414,242.4,56,0,MM
415,76.4,56.4,0,MM
416,65.2,56,0,MM
417,207.2,55.6,0,MM
418,163.6,55.6,0,MM
419,-77.2,55.6,0,MM
420,303.2,55.2,0,MM
421,-66,55.2,0,MM
422,-164,55.2,0,MM
423,-206.8,54.8,0,MM
424,-243.6,54.8,0,MM
425,91.2,54,0,MM
426,-303.6,54,0,MM
427,54.8,53.2,0,MM
428,-54.4,53.2,0,MM
429,-91.6,53.2,0,MM
430,256.4,52.4,0,MM
431,220,52,0,MM
432,174.8,52.4,0,MM
433,102.8,51.6,0,MM
434,-103.6,51.6,0,MM
435,-175.2,51.6,0,MM
436,318.4,50.4,0,MM
437,144.4,50.8,0,MM
438,114.8,50.8,0,MM
439,-144.4,50.8,0,MM
440,-220.4,50.8,0,MM
441,-256,50.8,0,MM
442,273.2,49.6,0,MM
443,-115.6,49.6,0,MM
444,184.8,48.4,0,MM
445,-185.6,48.4,0,MM
446,-318.8,48.4,0,MM
447,232.8,47.6,0,MM
448,156.8,47.2,0,MM
449,126,47.6,0,MM
450,-273.2,47.6,0,MM
451,-126.8,46.8,0,MM
452,-233.6,46.8,0,MM
453,289.2,46,0,MM
454,196.4,45.6,0,MM
455,73.2,46,0,MM
456,62,46,0,MM
457,-73.6,45.6,0,MM
458,-157.2,46.4,0,MM
459,245.2,44.4,0,MM
460,85.2,44.4,0,MM
461,-62,44.4,0,MM
462,-84.8,44.4,0,MM
463,-197.2,44.4,0,MM
464,-290,43.6,0,MM
465,167.2,42.8,0,MM
466,137.2,42.8,0,MM
467,97.6,42.8,0,MM
468,-137.6,42.8,0,MM
469,210,42,0,MM
470,-97.6,42,0,MM
471,-168.4,42,0,MM
472,-246,42.4,0,MM
473,305.6,41.2,0,MM
474,108.4,40.8,0,MM
475,-210.8,41.2,0,MM
476,-109.2,40.4,0,MM
477,258,39.6,0,MM
478,-305.2,40,0,MM
479,222.8,38.4,0,MM
480,178.4,38.8,0,MM
481,148.8,38.8,0,MM
482,-258.4,38.4,0,MM
483,120.4,38,0,MM
484,-149.2,38,0,MM
485,-223.6,38,0,MM
486,275.6,36.8,0,MM
487,-120.4,37.6,0,MM
488,-179.2,37.6,0,MM
489,320.4,35.6,0,MM
490,67.6,35.2,0,MM
491,79.6,34.8,0,MM
492,-68.4,34.8,0,MM
493,-275.6,34.8,0,MM
494,-320.4,34.4,0,MM
495,235.2,34,0,MM
496,159.6,34,0,MM
497,-79.6,34,0,MM
498,-160.4,34,0,MM
499,291.6,33.2,0,MM
500,130.8,33.2,0,MM
501,-130.8,33.2,0,MM
502,189.6,32.4,0,MM
503,90.4,32,0,MM
504,-189.2,32,0,MM
505,-235.6,32,0,MM
506,-292.4,32,0,MM
507,-90.8,31.6,0,MM
508,212.4,31.2,0,MM
509,102,31.2,0,MM
510,-102.8,30.8,0,MM
511,170.8,30,0,MM
512,-212.4,29.6,0,MM
513,306.8,28,0,MM
514,141.6,28.8,0,MM
515,112.8,28.8,0,MM
516,-113.2,28,0,MM
517,-170.4,28.8,0,MM
518,248.4,27.2,0,MM
519,-141.2,26.8,0,MM
520,276.8,25.6,0,MM
521,72.8,26,0,MM
522,-248.4,26,0,MM
523,-307.2,26,0,MM
524,225.6,25.2,0,MM
525,124.4,25.2,0,MM
526,-73.2,25.2,0,MM
527,200.4,24.4,0,MM
528,181.6,24.4,0,MM
529,152,24.4,0,MM
530,-124,24.4,0,MM
531,-152.4,24.4,0,MM
532,-277.2,24.4,0,MM
533,84,23.2,0,MM
534,-200.8,23.2,0,MM
535,-225.6,24,0,MM
536,-84,22.8,0,MM
537,-181.6,22.8,0,MM
538,322,21.6,0,MM
539,162.8,21.2,0,MM
540,-162.8,20.4,0,MM
541,-322.8,20.4,0,MM
542,292.4,19.2,0,MM
543,237.6,19.6,0,MM
544,133.6,19.2,0,MM
545,261.2,18.8,0,MM
546,94.4,18.8,0,MM
547,-94.8,18.8,0,MM
548,-134,18.8,0,MM
549,-237.6,18,0,MM
550,-293.2,18,0,MM
551,214,17.2,0,MM
552,116,17.2,0,MM
553,-116.4,16.8,0,MM
554,-261.2,17.2,0,MM
555,191.6,16.4,0,MM
556,172.8,15.6,0,MM
557,76.4,15.6,0,MM
558,-174,15.6,0,MM
559,-192,15.6,0,MM
560,-214.8,15.6,0,MM
561,-76.4,14.4,0,MM
562,308.4,14,0,MM
563,277.2,13.2,0,MM
564,143.2,13.2,0,MM
565,250,12,0,MM
566,226.4,12,0,MM
567,126.4,12,0,MM
568,-144,12,0,MM
569,-308.4,12,0,MM
570,201.2,10.4,0,MM
571,106.4,10.8,0,MM
572,86,10.8,0,MM
573,-86.8,10.8,0,MM
574,-106.8,10.4,0,MM
575,-126,10.8,0,MM
576,-226.8,10.4,0,MM
577,-250,10.4,0,MM
578,-277.6,11.2,0,MM
579,183.2,9.2,0,MM
580,163.6,9.2,0,MM
581,-202.4,9.2,0,MM
582,-163.6,8,0,MM
583,-182,8.4,0,MM
584,238,-8.4,0,MM
585,214.8,-9.2,0,MM
586,134.8,-9.2,0,MM
587,-135.6,-9.6,0,MM
588,-214.8,-9.6,0,MM
589,-238,-10,0,MM
590,153.6,-10.8,0,MM
591,-154,-11.2,0,MM
592,173.2,-12,0,MM
593,192,-12.4,0,MM
594,-173.2,-12.4,0,MM
595,308,-13.6,0,MM
596,277.6,-13.2,0,MM
597,83.2,-13.2,0,MM
598,106,-14.4,0,MM
599,-86,-14,0,MM
600,-192,-14,0,MM
601,-106.4,-14.8,0,MM
602,-277.6,-14.8,0,MM
603,337.2,-15.2,0,MM
604,226,-15.2,0,MM
605,125.6,-15.2,0,MM
606,-125.6,-16,0,MM
607,-308.4,-15.2,0,MM
608,-226.4,-16.4,0,MM
609,250,-16.8,0,MM
610,162.8,-17.2,0,MM
611,143.2,-17.2,0,MM
612,75.6,-17.2,0,MM
613,-338,-17.2,0,MM
614,-76,-18.4,0,MM
615,-142.8,-18,0,MM
616,-162.8,-18.4,0,MM
617,-249.2,-18,0,MM
618,292.4,-19.6,0,MM
619,214.8,-20,0,MM
620,181.6,-19.6,0,MM
621,114.4,-20.4,0,MM
622,-181.6,-21.2,0,MM
623,-292.4,-21.2,0,MM
624,322,-21.6,0,MM
625,94,-22,0,MM
626,-94,-22,0,MM
627,-114.8,-21.6,0,MM
628,-214,-21.6,0,MM
629,237.2,-23.2,0,MM
630,152.4,-23.6,0,MM
631,133.2,-23.6,0,MM
632,-322,-23.6,0,MM
633,276.4,-24.8,0,MM
634,200.8,-24.8,0,MM
635,-133.2,-24.8,0,MM
636,-237.6,-24.4,0,MM
637,170.8,-25.2,0,MM
638,-152.4,-25.2,0,MM
639,-200.4,-25.2,0,MM
640,83.2,-26,0,MM
641,-82.8,-26,0,MM
642,-171.6,-26,0,MM
643,-276.8,-26,0,MM
644,307.6,-27.2,0,MM
645,259.6,-27.6,0,MM
646,72.4,-27.6,0,MM
647,123.2,-28.4,0,MM
648,-72.4,-28.4,0,MM
649,225.2,-29.6,0,MM
650,189.6,-29.6,0,MM
651,-122.8,-29.2,0,MM
652,-260,-29.6,0,MM
653,-307.2,-29.6,0,MM
654,-224.8,-30,0,MM
655,336.8,-30.4,0,MM
656,160.4,-31.2,0,MM
657,-190,-30.8,0,MM
658,111.6,-31.6,0,MM
659,139.6,-32.4,0,MM
660,-112.4,-32.4,0,MM
661,-160.8,-32.4,0,MM
662,-336.4,-32.4,0,MM
663,291.6,-33.2,0,MM
664,247.2,-33.2,0,MM
665,211.2,-33.2,0,MM
666,-140.4,-33.2,0,MM
667,179.6,-34,0,MM
668,101.2,-34,0,MM
669,-247.2,-34,0,MM
670,83.6,-34.8,0,MM
671,-83.6,-34.8,0,MM
672,-101.2,-34.8,0,MM
673,-179.2,-34.8,0,MM
674,-211.6,-34.8,0,MM
675,-292.4,-34.8,0,MM
676,320,-36.4,0,MM
677,275.2,-37.2,0,MM
678,234.8,-37.6,0,MM
679,198.8,-37.6,0,MM
680,129.2,-37.6,0,MM
681,78,-37.2,0,MM
682,-77.2,-37.6,0,MM
683,-129.2,-37.6,0,MM
684,66.8,-38,0,MM
685,-66.8,-38,0,MM
686,-320.8,-38,0,MM
687,-198.4,-38.8,0,MM
688,-234.8,-38.8,0,MM
689,168.4,-39.2,0,MM
690,-169.2,-39.6,0,MM
691,-274.8,-39.2,0,MM
692,305.2,-41.2,0,MM
693,257.6,-41.2,0,MM
694,118.8,-41.2,0,MM
695,222,-42.4,0,MM
696,187.6,-42.4,0,MM
697,-118.8,-42,0,MM
698,-258,-42.4,0,MM
699,158,-42.8,0,MM
700,107.6,-43.6,0,MM
701,-158,-43.6,0,MM
702,-186.8,-43.2,0,MM
703,-222.4,-43.2,0,MM
704,-304.8,-43.6,0,MM
705,334,-44.8,0,MM
706,-107.6,-44.4,0,MM
707,289.2,-45.2,0,MM
708,245.2,-45.2,0,MM
709,146.8,-45.2,0,MM
710,96,-45.2,0,MM
711,210,-46,0,MM
712,-96,-46,0,MM
713,-146.4,-46,0,MM
714,-244.8,-46,0,MM
715,135.6,-47.6,0,MM
716,83.6,-47.6,0,MM
717,60.4,-47.6,0,MM
718,-209.2,-47.6,0,MM
719,-334.8,-47.6,0,MM
720,175.6,-48.4,0,MM
721,72,-48,0,MM
722,-60.4,-48,0,MM
723,-71.6,-48.4,0,MM
724,-82.8,-48,0,MM
725,-134.8,-48.4,0,MM
726,-290,-48,0,MM
727,-176,-49.2,0,MM
728,272.8,-50,0,MM
729,318,-50.8,0,MM
730,195.6,-50.8,0,MM
731,-272.8,-50.8,0,MM
732,231.6,-51.6,0,MM
733,124.4,-51.6,0,MM
734,-124,-51.6,0,MM
735,-195.6,-51.6,0,MM
736,164.4,-52.4,0,MM
737,-232,-52.4,0,MM
738,-318.8,-52.4,0,MM
739,255.2,-53.6,0,MM
740,-164.4,-53.2,0,MM
741,113.6,-54,0,MM
742,349.2,-55.2,0,MM
743,302.8,-55.2,0,MM
744,101.6,-55.2,0,MM
745,52.4,-55.2,0,MM
746,-52,-55.2,0,MM
747,-113.2,-54.4,0,MM
748,219.2,-56,0,MM
749,153.2,-56,0,MM
750,-254.8,-56,0,MM
751,89.2,-56.4,0,MM
752,-102,-56.4,0,MM
753,-219.6,-56.4,0,MM
754,63.2,-57.2,0,MM
755,-63.2,-57.6,0,MM
756,-89.2,-57.2,0,MM
757,-152.8,-56.8,0,MM
758,-302.8,-57.2,0,MM
759,-348.4,-57.2,0,MM
760,182.8,-58,0,MM
761,142,-58,0,MM
762,75.2,-58,0,MM
763,-74.8,-58.8,0,MM
764,-141.2,-58.8,0,MM
765,-182,-58.8,0,MM
766,286.8,-59.2,0,MM
767,205.2,-59.2,0,MM
768,332,-60.4,0,MM
769,-205.6,-60.4,0,MM
770,-286.8,-60.4,0,MM
771,241.2,-61.2,0,MM
772,129.2,-61.2,0,MM
773,43.6,-61.6,0,MM
774,-332,-61.6,0,MM
775,269.6,-62.4,0,MM
776,170.8,-62.4,0,MM
777,-42.8,-62.4,0,MM
778,-129.2,-62,0,MM
779,-241.2,-62,0,MM
780,-170.4,-62.8,0,MM
781,-269.6,-63.6,0,MM
782,118,-64.4,0,MM
783,-118,-64.8,0,MM
784,315.6,-65.2,0,MM
785,228,-65.2,0,MM
786,159.6,-65.2,0,MM
787,106.8,-66,0,MM
788,94,-66.4,0,MM
789,54.8,-66,0,MM
790,-53.2,-66,0,MM
791,-106.8,-66.4,0,MM
792,-159.2,-66,0,MM
793,-228.4,-66,0,MM
794,-314.8,-66.4,0,MM
795,-94.4,-67.2,0,MM
796,148,-67.6,0,MM
797,33.6,-67.6,0,MM
798,-32.8,-67.6,0,MM
799,363.6,-68.8,0,MM
800,299.6,-68.4,0,MM
801,214.8,-68.4,0,MM
802,65.2,-68.8,0,MM
803,-65.2,-68.8,0,MM
804,-147.6,-68.8,0,MM
805,134.8,-70,0,MM
806,-214.8,-69.6,0,MM
807,-299.6,-70,0,MM
808,202,-70.8,0,MM
809,23.6,-71.2,0,MM
810,-134.8,-71.2,0,MM
811,-202,-71.2,0,MM
812,-362.8,-70.4,0,MM
813,344.8,-72.4,0,MM
814,284,-72.4,0,MM
815,188.4,-72,0,MM
816,75.6,-72.4,0,MM
817,-22.8,-72,0,MM
818,-76,-72.4,0,MM
819,-188,-72.4,0,MM
820,176,-73.6,0,MM
821,43.6,-73.2,0,MM
822,-283.6,-73.6,0,MM
823,267.6,-74,0,MM
824,-10.8,-74,0,MM
825,-43.6,-74,0,MM
826,402.4,-75.2,0,MM
827,328.4,-75.2,0,MM
828,250,-74.4,0,MM
829,121.2,-74.8,0,MM
830,87.2,-75.2,0,MM
831,11.2,-74.4,0,MM
832,-86.8,-75.2,0,MM
833,-175.6,-74.4,0,MM
834,-249.6,-75.2,0,MM
835,-266.8,-74.8,0,MM
836,-345.2,-74.4,0,MM
837,-120.4,-75.6,0,MM
838,-400.4,-75.6,0,MM
839,165.2,-76,0,MM
840,110,-76.4,0,MM
841,98.4,-76.4,0,MM
842,-165.2,-76.4,0,MM
843,236.4,-77.2,0,MM
844,54.4,-77.6,0,MM
845,-53.2,-77.6,0,MM
846,-98.4,-77.2,0,MM
847,-109.2,-77.2,0,MM
848,-327.6,-77.2,0,MM
849,382.8,-78.4,0,MM
850,153.6,-78,0,MM
851,32.4,-78.4,0,MM
852,-236.4,-78,0,MM
853,-380.8,-78.4,0,MM
854,311.6,-78.8,0,MM
855,223.6,-78.8,0,MM
856,-31.6,-78.8,0,MM
857,-153.2,-78.8,0,MM
858,140.4,-80.4,0,MM
859,210,-81.2,0,MM
860,66.4,-80.8,0,MM
861,19.2,-81.6,0,MM
862,-66,-81.2,0,MM
863,-140.8,-80.8,0,MM
864,-222.8,-80.8,0,MM
865,-312,-80.8,0,MM
866,359.6,-82.4,0,MM
867,296.4,-82.4,0,MM
868,196.8,-82.8,0,MM
869,-18.8,-82.8,0,MM
870,-210,-82.8,0,MM
871,182.8,-84,0,MM
872,-196.4,-84,0,MM
873,-296.4,-84,0,MM
874,77.6,-84.4,0,MM
875,-359.6,-84.4,0,MM
876,342,-85.2,0,MM
877,280.4,-85.2,0,MM
878,-77.2,-85.2,0,MM
879,-182.4,-85.2,0,MM
880,262.8,-86.4,0,MM
881,245.6,-86,0,MM
882,170.8,-86,0,MM
883,-169.6,-86,0,MM
884,-279.2,-86,0,MM
885,88.4,-86.8,0,MM
886,-88.4,-86.8,0,MM
887,-262,-86.8,0,MM
888,112.4,-87.2,0,MM
889,100.4,-87.6,0,MM
890,55.2,-87.6,0,MM
891,-111.6,-87.6,0,MM
892,-341.2,-87.2,0,MM
893,399.6,-88.8,0,MM
894,231.6,-88.8,0,MM
895,123.2,-88.8,0,MM
896,28.4,-88.8,0,MM
897,-55.2,-88.8,0,MM
898,-99.6,-88.4,0,MM
899,-245.6,-88.8,0,MM
900,158.4,-89.2,0,MM
901,41.2,-89.2,0,MM
902,-28,-89.2,0,MM
903,-397.6,-89.2,0,MM
904,324.4,-90.4,0,MM
905,146,-90,0,MM
906,134.4,-90,0,MM
907,-40.8,-90,0,MM
908,-122.8,-90,0,MM
909,-158,-90,0,MM
910,-231.6,-90,0,MM
911,-134,-90.8,0,MM
912,-145.2,-90.8,0,MM
913,379.6,-91.6,0,MM
914,14.8,-91.6,0,MM
915,-14,-91.6,0,MM
916,-378,-91.6,0,MM
917,307.6,-92.8,0,MM
918,218.8,-92,0,MM
919,67.2,-92.4,0,MM
920,-67.2,-92.4,0,MM
921,-324,-92,0,MM
922,-218,-93.2,0,MM
923,204.4,-94,0,MM
924,-307.6,-94,0,MM
925,190.8,-94.8,0,MM
926,176,-95.2,0,MM
927,-204.4,-94.8,0,MM
928,355.6,-95.6,0,MM
929,291.6,-95.6,0,MM
930,78,-95.6,0,MM
931,-190,-95.6,0,MM
932,36.8,-96.4,0,MM
933,-78,-96.4,0,MM
934,276,-97.6,0,MM
935,-35.6,-97.2,0,MM
936,-175.6,-97.2,0,MM
937,-291.6,-97.2,0,MM
938,-355.6,-97.6,0,MM
939,258,-98,0,MM
940,90,-98,0,MM
941,240.4,-98.8,0,MM
942,101.2,-98.4,0,MM
943,55.6,-98.8,0,MM
944,-89.2,-98.4,0,MM
945,-101.2,-99.2,0,MM
946,-258,-98.8,0,MM
947,-274.8,-98.8,0,MM
948,114,-100,0,MM
949,-55.6,-99.6,0,MM
950,-113.6,-99.6,0,MM
951,-240.4,-100,0,MM
952,162,-100.4,0,MM
953,126.4,-100.4,0,MM
954,24,-100.4,0,MM
955,-23.6,-100.4,0,MM
956,-160.8,-100.4,0,MM
957,149.6,-100.8,0,MM
958,138,-101.6,0,MM
959,-125.6,-101.6,0,MM
960,-137.6,-101.6,0,MM
961,-150,-101.6,0,MM
962,337.2,-102,0,MM
963,10.8,-102,0,MM
964,-10.4,-102,0,MM
965,395.2,-102.4,0,MM
966,225.2,-102.8,0,MM
967,-336.4,-102.8,0,MM
968,-394,-102.8,0,MM
969,66.8,-103.6,0,MM
970,45.2,-103.6,0,MM
971,-45.2,-104,0,MM
972,-66.4,-103.6,0,MM
973,376,-105.2,0,MM
974,319.6,-105.2,0,MM
975,212.4,-105.2,0,MM
976,-224.8,-105.2,0,MM
977,-374,-105.2,0,MM
978,-211.2,-106.4,0,MM
979,198.4,-106.8,0,MM
980,78,-106.8,0,MM
981,-318.8,-106.8,0,MM
982,302.8,-107.2,0,MM
983,184,-107.2,0,MM
984,-78,-107.2,0,MM
985,-184,-107.6,0,MM
986,-198,-107.2,0,MM
987,287.2,-108.8,0,MM
988,89.2,-108.8,0,MM
989,32.4,-108.4,0,MM
990,-32,-108.4,0,MM
991,-302.8,-108.4,0,MM
992,270.8,-109.2,0,MM
993,104,-109.2,0,MM
994,-88.4,-109.2,0,MM
995,252.4,-110.4,0,MM
996,116.8,-110.4,0,MM
997,54.8,-110,0,MM
998,-19.6,-110.4,0,MM
999,-54.8,-110.4,0,MM
1000,-103.6,-109.6,0,MM
1001,-286,-110,0,MM
1002,19.6,-111.2,0,MM
1003,-116.4,-111.6,0,MM
1004,-252.8,-111.6,0,MM
1005,-270.4,-111.2,0,MM
1006,152.4,-112.8,0,MM
1007,140.4,-112.4,0,MM
1008,128.4,-112.4,0,MM
1009,-128.4,-112.4,0,MM
1010,-151.6,-113.2,0,MM
1011,163.6,-114,0,MM
1012,65.2,-114.4,0,MM
1013,-64.8,-114.4,0,MM
1014,-140,-113.6,0,MM
1015,-164.4,-115.2,0,MM
1016,391.2,-115.6,0,MM
1017,41.2,-115.6,0,MM
1018,-40.8,-115.6,0,MM
1019,-370,-115.6,0,MM
1020,372,-116.4,0,MM
1021,178,-116,0,MM
1022,349.2,-117.2,0,MM
1023,204.4,-117.6,0,MM
1024,190.8,-117.6,0,MM
1025,76.4,-117.6,0,MM
1026,-76,-117.6,0,MM
1027,-176.8,-117.6,0,MM
1028,331.6,-118,0,MM
1029,231.2,-118,0,MM
1030,217.6,-118,0,MM
1031,314,-119.2,0,MM
1032,27.6,-118.8,0,MM
1033,-27.6,-118.8,0,MM
1034,-190,-118.4,0,MM
1035,-203.6,-118.4,0,MM
1036,-216.8,-119.2,0,MM
1037,-230.8,-118.4,0,MM
1038,-331.2,-119.2,0,MM
1039,-348.4,-118.8,0,MM
1040,-389.2,-119.2,0,MM
1041,248.4,-119.6,0,MM
1042,106.8,-119.6,0,MM
1043,297.6,-120.4,0,MM
1044,51.6,-120.4,0,MM
1045,-50.8,-120.4,0,MM
1046,-106,-120.4,0,MM
1047,-314,-120.4,0,MM
1048,281.6,-121.6,0,MM
1049,265.2,-121.6,0,MM
1050,14.8,-121.2,0,MM
1051,-247.2,-121.2,0,MM
1052,-297.2,-121.6,0,MM
1053,118,-122,0,MM
1054,-14,-122,0,MM
1055,-264,-122,0,MM
1056,-281.2,-122,0,MM
1057,86.4,-122.8,0,MM
1058,-85.6,-123.2,0,MM
1059,-117.2,-122.8,0,MM
1060,143.2,-123.6,0,MM
1061,129.2,-123.6,0,MM
1062,-129.2,-124,0,MM
1063,155.6,-124.4,0,MM
1064,-142.8,-124.4,0,MM
1065,62,-125.2,0,MM
1066,37.2,-125.2,0,MM
1067,-36.8,-125.6,0,MM
1068,-61.2,-125.2,0,MM
1069,-154.8,-125.2,0,MM
1070,169.2,-126.8,0,MM
1071,96.4,-126.8,0,MM
1072,-96.4,-128,0,MM
1073,-169.2,-127.6,0,MM
1074,211.2,-128.4,0,MM
1075,183.2,-128.4,0,MM
1076,22,-128.4,0,MM
1077,-22,-128.4,0,MM
1078,224.8,-129.2,0,MM
1079,-182,-129.2,0,MM
1080,-210.4,-129.2,0,MM
1081,344.4,-130,0,MM
1082,196.4,-130,0,MM
1083,74.8,-130,0,MM
1084,-73.2,-130.4,0,MM
1085,-195.6,-130.4,0,MM
1086,-224.4,-130,0,MM
1087,385.2,-130.8,0,MM
1088,326,-130.8,0,MM
1089,47.6,-130.8,0,MM
1090,-46.8,-130.8,0,MM
1091,365.2,-131.6,0,MM
1092,241.2,-131.6,0,MM
1093,107.6,-131.6,0,MM
1094,-107.6,-131.6,0,MM
1095,-326,-131.6,0,MM
1096,-343.2,-132,0,MM
1097,308,-132.8,0,MM
1098,-384.4,-132.8,0,MM
1099,258,-133.2,0,MM
1100,118.8,-133.2,0,MM
1101,-241.2,-133.2,0,MM
1102,-365.2,-133.2,0,MM
1103,291.6,-133.6,0,MM
1104,275.2,-134,0,MM
1105,145.6,-134.4,0,MM
1106,-118.4,-134,0,MM
1107,-307.6,-134,0,MM
1108,131.6,-134.8,0,MM
1109,85.2,-135.2,0,MM
1110,32.4,-134.8,0,MM
1111,-145.2,-135.2,0,MM
1112,-257.6,-134.8,0,MM
1113,-274,-134.8,0,MM
1114,-290,-134.8,0,MM
1115,61.6,-135.6,0,MM
1116,-31.6,-135.6,0,MM
1117,-84.4,-135.6,0,MM
1118,-130,-135.6,0,MM
1119,160.4,-136.8,0,MM
1120,-60.8,-136,0,MM
1121,16.4,-137.2,0,MM
1122,-160,-137.2,0,MM
1123,-15.6,-138,0,MM
1124,-94.8,-139.2,0,MM
1125,174,-139.6,0,MM
1126,96.4,-139.6,0,MM
1127,217.2,-140.4,0,MM
1128,-174,-140.4,0,MM
1129,188.4,-141.6,0,MM
1130,73.2,-141.6,0,MM
1131,-72,-141.6,0,MM
1132,-188,-141.6,0,MM
1133,-216.8,-141.6,0,MM
1134,201.2,-142,0,MM
1135,106.8,-142,0,MM
1136,360.4,-143.2,0,MM
1137,338.8,-142.8,0,MM
1138,234.8,-142.8,0,MM
1139,40,-143.2,0,MM
1140,-39.6,-142.8,0,MM
1141,-107.2,-142.8,0,MM
1142,-200.4,-142.8,0,MM
1143,-234.4,-142.8,0,MM
1144,380,-143.6,0,MM
1145,-338.8,-144.4,0,MM
1146,267.6,-145.2,0,MM
1147,251.6,-145.2,0,MM
1148,118,-145.6,0,MM
1149,-359.6,-145.2,0,MM
1150,318.8,-146,0,MM
1151,83.6,-146,0,MM
1152,26,-146,0,MM
1153,-25.6,-146,0,MM
1154,-250.8,-146,0,MM
1155,-380,-146,0,MM
1156,301.6,-146.8,0,MM
1157,284,-146.8,0,MM
1158,150.8,-146.8,0,MM
1159,60.4,-146.8,0,MM
1160,-58.8,-146.8,0,MM
1161,-82.8,-146.8,0,MM
1162,-117.2,-146.8,0,MM
1163,11.6,-148,0,MM
1164,-10.8,-148,0,MM
1165,-150,-147.6,0,MM
1166,-267.6,-147.6,0,MM
1167,-283.6,-148,0,MM
1168,-318.8,-148,0,MM
1169,-301.2,-148.4,0,MM
1170,129.2,-149.2,0,MM
1171,-129.2,-149.6,0,MM
1172,164.4,-150,0,MM
1173,-163.6,-150.4,0,MM
1174,94.8,-150.8,0,MM
1175,47.6,-150.8,0,MM
1176,-47.2,-150.8,0,MM
1177,-94,-150.8,0,MM
1178,178.4,-152,0,MM
1179,70.4,-152,0,MM
1180,-70,-152,0,MM
1181,-177.2,-152.8,0,MM
1182,106.8,-153.2,0,MM
1183,227.6,-153.6,0,MM
1184,34.8,-154,0,MM
1185,-33.2,-154,0,MM
1186,-106,-154,0,MM
1187,-226.8,-154,0,MM
1188,190.4,-154.8,0,MM
1189,142.4,-154.8,0,MM
1190,245.2,-155.6,0,MM
1191,-142,-155.6,0,MM
1192,-190,-155.6,0,MM
1193,374.8,-156.4,0,MM
1194,354.4,-156.4,0,MM
1195,20.4,-156.4,0,MM
1196,-20,-156.8,0,MM
1197,204.4,-157.2,0,MM
1198,118.8,-157.2,0,MM
1199,81.2,-157.2,0,MM
1200,57.2,-157.2,0,MM
1201,-243.6,-157.2,0,MM
1202,-354,-157.2,0,MM
1203,261.2,-158.4,0,MM
1204,-56.4,-158,0,MM
1205,-81.2,-158,0,MM
1206,-117.2,-158.4,0,MM
1207,-202.8,-158,0,MM
1208,-373.6,-158,0,MM
1209,277.2,-159.2,0,MM
1210,154.4,-159.2,0,MM
1211,-260.4,-158.8,0,MM
1212,294,-159.6,0,MM
1213,-154,-159.6,0,MM
1214,-276.4,-159.6,0,MM
1215,-292.4,-160.8,0,MM
1216,310.8,-161.6,0,MM
1217,92.8,-161.6,0,MM
1218,42.8,-161.6,0,MM
1219,-42.4,-161.6,0,MM
1220,220,-162,0,MM
1221,168,-162,0,MM
1222,-92,-162,0,MM
1223,328.8,-163.2,0,MM
1224,-166.8,-163.2,0,MM
1225,-310,-163.2,0,MM
1226,131.6,-163.6,0,MM
1227,67.2,-163.6,0,MM
1228,-219.6,-163.6,0,MM
1229,182.8,-164.4,0,MM
1230,29.2,-164.4,0,MM
1231,-66.4,-164.4,0,MM
1232,-130,-164.4,0,MM
1233,-328,-164.4,0,MM
1234,106.8,-165.2,0,MM
1235,-28,-164.8,0,MM
1236,-106.4,-165.6,0,MM
1237,-181.6,-165.2,0,MM
1238,14.8,-166,0,MM
1239,-14,-166,0,MM
1240,349.6,-166.8,0,MM
1241,236.8,-166.8,0,MM
1242,195.6,-166.8,0,MM
1243,-195.2,-167.2,0,MM
1244,144.4,-168,0,MM
1245,-235.6,-167.6,0,MM
1246,-348.4,-168,0,MM
1247,52.8,-168.4,0,MM
1248,-52.4,-168.4,0,MM
1249,368.4,-168.8,0,MM
1250,252.4,-169.2,0,MM
1251,77.2,-169.2,0,MM
1252,-76.4,-169.2,0,MM
1253,-143.2,-168.8,0,MM
1254,-252.4,-170.4,0,MM
1255,-368.4,-170.8,0,MM
1256,269.2,-171.6,0,MM
1257,120.4,-171.6,0,MM
1258,38,-172,0,MM
1259,-37.2,-171.6,0,MM
1260,-119.6,-171.6,0,MM
1261,211.2,-172.8,0,MM
1262,157.2,-172.4,0,MM
1263,-156,-172.8,0,MM
1264,-268,-172.8,0,MM
1265,304.4,-173.2,0,MM
1266,286,-173.2,0,MM
1267,-211.6,-173.2,0,MM
1268,64.4,-174.4,0,MM
1269,-22,-174.4,0,MM
1270,-63.2,-174.4,0,MM
1271,-284.8,-174,0,MM
1272,170.8,-174.8,0,MM
1273,23.6,-174.8,0,MM
1274,322,-175.6,0,MM
1275,87.6,-175.6,0,MM
1276,-86.8,-175.6,0,MM
1277,-169.2,-175.6,0,MM
1278,-302.8,-175.2,0,MM
1279,228,-176.4,0,MM
1280,186.8,-176.4,0,MM
1281,132.8,-176.4,0,MM
1282,-321.2,-176.8,0,MM
1283,-132.4,-177.2,0,MM
1284,-185.2,-177.2,0,MM
1285,342.8,-178,0,MM
1286,108,-178,0,MM
1287,-107.6,-178,0,MM
1288,-227.2,-178,0,MM
1289,47.6,-178.8,0,MM
1290,-46.8,-179.6,0,MM
1291,-341.6,-180.4,0,MM
1292,362,-181.2,0,MM
1293,245.2,-181.2,0,MM
1294,74.8,-181.2,0,MM
1295,-73.2,-181.2,0,MM
1296,203.6,-182,0,MM
1297,145.2,-181.6,0,MM
1298,31.2,-182,0,MM
1299,-144.4,-182,0,MM
1300,-243.6,-181.6,0,MM
1301,260.4,-183.2,0,MM
1302,-30.4,-182.8,0,MM
1303,-202.4,-182.8,0,MM
1304,-361.6,-182.8,0,MM
1305,98,-183.6,0,MM
1306,-258.8,-183.6,0,MM
1307,121.6,-184.4,0,MM
1308,18.4,-184.4,0,MM
1309,-16.4,-184,0,MM
1310,-96.8,-184,0,MM
1311,-120,-184.8,0,MM
1312,277.2,-185.2,0,MM
1313,61.2,-185.2,0,MM
1314,-60.8,-185.2,0,MM
1315,157.6,-186,0,MM
1316,314,-186.4,0,MM
1317,220,-186.8,0,MM
1318,-157.6,-186.4,0,MM
1319,-275.6,-186.4,0,MM
1320,294.4,-188,0,MM
1321,-219.2,-188.4,0,MM
1322,-312.8,-188.8,0,MM
1323,133.6,-189.6,0,MM
1324,85.2,-189.2,0,MM
1325,-293.6,-189.2,0,MM
1326,-84.4,-190,0,MM
1327,-132.8,-190,0,MM
1328,335.2,-190.8,0,MM
1329,170.8,-190.8,0,MM
1330,109.2,-190.8,0,MM
1331,39.6,-190.8,0,MM
1332,-38,-190.8,0,MM
1333,234.8,-191.2,0,MM
1334,193.6,-191.2,0,MM
1335,-108,-191.2,0,MM
1336,-169.2,-191.2,0,MM
1337,-192.4,-192,0,MM
1338,-234.4,-192,0,MM
1339,-335.2,-192,0,MM
1340,355.6,-193.2,0,MM
1341,147.6,-193.2,0,MM
1342,25.2,-192.8,0,MM
1343,-25.2,-192.8,0,MM
1344,72.8,-194.4,0,MM
1345,11.6,-194,0,MM
1346,-10.8,-194.4,0,MM
1347,251.2,-194.8,0,MM
1348,-72.4,-194.8,0,MM
1349,-146.4,-194.8,0,MM
1350,-354.8,-194.8,0,MM
1351,210,-196.4,0,MM
1352,96.4,-196.4,0,MM
1353,-250.4,-196.4,0,MM
1354,121.6,-197.2,0,MM
1355,267.6,-198,0,MM
1356,159.6,-198,0,MM
1357,59.6,-198.4,0,MM
1358,-58,-198.4,0,MM
1359,-94.8,-198,0,MM
1360,-120,-198,0,MM
1361,-208.8,-198,0,MM
1362,185.2,-198.8,0,MM
1363,-158.8,-199.6,0,MM
1364,-184.4,-199.6,0,MM
1365,-269.2,-199.6,0,MM
1366,47.6,-201.2,0,MM
1367,-46.8,-201.2,0,MM
1368,328.4,-202.4,0,MM
1369,284,-202,0,MM
1370,226,-202,0,MM
1371,83.2,-202.4,0,MM
1372,-82.4,-202.4,0,MM
1373,-224.4,-202.4,0,MM
1374,133.6,-202.8,0,MM
1375,-132.8,-203.2,0,MM
1376,-283.6,-202.8,0,MM
1377,-327.6,-203.2,0,MM
1378,34,-203.6,0,MM
1379,348.4,-204.8,0,MM
1380,108,-204.4,0,MM
1381,-32.4,-204,0,MM
1382,-107.2,-204.4,0,MM
1383,241.6,-205.2,0,MM
1384,-20,-205.2,0,MM
1385,302,-206,0,MM
1386,200,-206,0,MM
1387,21.2,-206,0,MM
1388,174.8,-207.2,0,MM
1389,148.8,-206.8,0,MM
1390,70,-207.2,0,MM
1391,-199.2,-206.8,0,MM
1392,-240.4,-207.2,0,MM
1393,-301.2,-206.8,0,MM
1394,-346.8,-207.2,0,MM
1395,-68.8,-207.6,0,MM
1396,-147.6,-207.6,0,MM
1397,-174,-208,0,MM
1398,258,-209.6,0,MM
1399,94.8,-210,0,MM
1400,-93.2,-210,0,MM
1401,118.8,-210.8,0,MM
1402,56.8,-210.8,0,MM
1403,-55.6,-210.8,0,MM
1404,-256.8,-210.8,0,MM
1405,276,-212,0,MM
1406,215.6,-212,0,MM
1407,-118,-211.6,0,MM
1408,-214.8,-212.4,0,MM
1409,321.6,-212.8,0,MM
1410,-274.8,-213.6,0,MM
1411,-320,-213.6,0,MM
1412,42.4,-214,0,MM
1413,190,-214.8,0,MM
1414,-42,-214.8,0,MM
1415,164.8,-215.6,0,MM
1416,81.2,-215.6,0,MM
1417,28.8,-216,0,MM
1418,-26.8,-215.6,0,MM
1419,-80.4,-215.6,0,MM
1420,-163.6,-215.6,0,MM
1421,-189.2,-215.6,0,MM
1422,292.8,-216.4,0,MM
1423,230.8,-216.4,0,MM
1424,107.6,-216.4,0,MM
1425,340.8,-217.2,0,MM
1426,131.2,-217.2,0,MM
1427,14.8,-217.2,0,MM
1428,-13.6,-217.2,0,MM
1429,-106,-217.2,0,MM
1430,-229.6,-217.2,0,MM
1431,-292.4,-217.2,0,MM
1432,-128.8,-218.4,0,MM
1433,-340,-218.8,0,MM
1434,66.4,-219.2,0,MM
1435,-65.2,-219.6,0,MM
1436,247.2,-221.2,0,MM
1437,205.2,-221.2,0,MM
1438,-204,-222,0,MM
1439,-246,-222.4,0,MM
1440,313.2,-223.6,0,MM
1441,179.6,-223.6,0,MM
1442,153.2,-223.6,0,MM
1443,91.6,-223.6,0,MM
1444,51.6,-223.6,0,MM
1445,-50.8,-223.6,0,MM
1446,-90.8,-223.6,0,MM
1447,-152.4,-223.6,0,MM
1448,118.4,-224,0,MM
1449,-117.6,-224.4,0,MM
1450,-178.4,-224.4,0,MM
1451,-312,-224.8,0,MM
1452,264.4,-225.2,0,MM
1453,220,-226,0,MM
1454,37.6,-226,0,MM
1455,-36.4,-226,0,MM
1456,-262.8,-227.2,0,MM
1457,284,-227.6,0,MM
1458,23.6,-227.6,0,MM
1459,-21.6,-227.6,0,MM
1460,-219.6,-227.6,0,MM
1461,332.4,-228,0,MM
1462,143.6,-228.4,0,MM
1463,76.4,-228.4,0,MM
1464,-74.8,-228.4,0,MM
1465,-142.8,-228.8,0,MM
1466,-282.4,-228.8,0,MM
1467,-330.4,-229.6,0,MM
1468,194.8,-230,0,MM
1469,106.8,-230,0,MM
1470,-104.8,-230,0,MM
1471,168.4,-231.2,0,MM
1472,-193.2,-231.2,0,MM
1473,63.6,-232,0,MM
1474,236,-232.4,0,MM
1475,-62,-232.4,0,MM
1476,-167.6,-232.4,0,MM
1477,-234.8,-233.2,0,MM
1478,304.4,-234,0,MM
1479,132,-234.8,0,MM
1480,-303.6,-234.8,0,MM
1481,47.2,-235.2,0,MM
1482,-45.6,-236,0,MM
1483,-130,-235.2,0,MM
1484,209.2,-236.4,0,MM
1485,86,-236.4,0,MM
1486,-208,-237.2,0,MM
1487,252.4,-238.4,0,MM
1488,157.2,-238.4,0,MM
1489,30.4,-238.4,0,MM
1490,-84,-238,0,MM
1491,182.8,-238.8,0,MM
1492,-29.2,-238.8,0,MM
1493,-155.6,-238.8,0,MM
1494,324.4,-239.6,0,MM
1495,17.2,-239.2,0,MM
1496,-15.6,-239.6,0,MM
1497,-181.6,-239.6,0,MM
1498,-250.8,-239.2,0,MM
1499,120.4,-240.4,0,MM
1500,-322.4,-240.4,0,MM
1501,73.2,-241.2,0,MM
1502,-71.6,-241.2,0,MM
1503,-118.8,-241.2,0,MM
1504,225.2,-242,0,MM
1505,296.4,-244,0,MM
1506,268.8,-243.6,0,MM
1507,60.4,-244,0,MM
1508,-223.2,-243.6,0,MM
1509,-58.8,-244.8,0,MM
1510,197.2,-245.2,0,MM
1511,145.2,-245.2,0,MM
1512,-267.6,-245.2,0,MM
1513,-294.4,-245.2,0,MM
1514,107.6,-246,0,MM
1515,-143.6,-246,0,MM
1516,-195.6,-246.4,0,MM
1517,242,-247.2,0,MM
1518,170.8,-246.8,0,MM
1519,-106,-247.2,0,MM
1520,-169.2,-247.6,0,MM
1521,38.8,-248.4,0,MM
1522,-36.8,-248.4,0,MM
1523,-240.8,-248.4,0,MM
1524,314.4,-250,0,MM
1525,98,-250,0,MM
1526,25.2,-250,0,MM
1527,-23.6,-250,0,MM
1528,133.2,-250.8,0,MM
1529,11.2,-250.8,0,MM
1530,-10.4,-250.8,0,MM
1531,-94.8,-250.4,0,MM
1532,-314,-251.2,0,MM
1533,212.4,-251.6,0,MM
1534,-131.6,-251.6,0,MM
1535,287.6,-252.8,0,MM
1536,-211.2,-252.4,0,MM
1537,258.8,-254,0,MM
1538,158.8,-254,0,MM
1539,184.8,-254.4,0,MM
1540,83.6,-254.8,0,MM
1541,-82,-254.8,0,MM
1542,-158,-254.8,0,MM
1543,-184,-255.2,0,MM
1544,-257.2,-255.2,0,MM
1545,-286.8,-254.8,0,MM
1546,120.8,-256.8,0,MM
1547,71.6,-257.6,0,MM
1548,-118.8,-257.6,0,MM
1549,229.2,-258.8,0,MM
1550,-70,-258.8,0,MM
1551,146,-260,0,MM
1552,-227.2,-259.6,0,MM
1553,305.6,-260.4,0,MM
1554,200,-261.2,0,MM
1555,57.6,-261.2,0,MM
1556,-56.4,-261.2,0,MM
1557,-144.8,-261.2,0,MM
1558,-304.8,-261.6,0,MM
1559,108.4,-262,0,MM
1560,-198.8,-262,0,MM
1561,173.2,-262.8,0,MM
1562,-106,-262.8,0,MM
1563,277.2,-263.6,0,MM
1564,248,-263.2,0,MM
1565,47.2,-263.6,0,MM
1566,-45.6,-263.2,0,MM
1567,-171.6,-263.2,0,MM
1568,-276,-264.4,0,MM
1569,32.8,-265.2,0,MM
1570,-31.6,-265.2,0,MM
1571,-247.2,-265.2,0,MM
1572,-18.8,-266.4,0,MM
1573,133.2,-266.8,0,MM
1574,20,-266.8,0,MM
1575,-93.6,-266.8,0,MM
1576,95.2,-267.2,0,MM
1577,-132.4,-267.6,0,MM
1578,214.8,-269.2,0,MM
1579,159.2,-269.2,0,MM
1580,186.8,-270,0,MM
1581,82.4,-270,0,MM
1582,-158.4,-270,0,MM
1583,-214.4,-270,0,MM
1584,296.4,-271.2,0,MM
1585,-185.6,-271.2,0,MM
1586,-80.8,-271.6,0,MM
1587,268,-272.4,0,MM
1588,120.4,-272.4,0,MM
1589,-294,-272.4,0,MM
1590,-118.8,-273.2,0,MM
1591,-266.8,-273.2,0,MM
1592,68.4,-274,0,MM
1593,-67.2,-274,0,MM
1594,146,-276.4,0,MM
1595,55.2,-276.4,0,MM
1596,-144.8,-276.4,0,MM
1597,230,-277.2,0,MM
1598,204.4,-277.2,0,MM
1599,-53.2,-277.2,0,MM
1600,174,-278,0,MM
1601,106.8,-278,0,MM
1602,-105.2,-278,0,MM
1603,-172.8,-278,0,MM
1604,-202.4,-278,0,MM
1605,-228.4,-278,0,MM
1606,41.2,-279.2,0,MM
1607,-40.4,-279.2,0,MM
1608,286,-280.4,0,MM
1609,27.6,-280.4,0,MM
1610,-26.8,-280.4,0,MM
1611,257.6,-281.2,0,MM
1612,14.8,-281.2,0,MM
1613,-12.4,-281.6,0,MM
1614,-284,-281.6,0,MM
1615,132.8,-282.4,0,MM
1616,92.8,-282.4,0,MM
1617,-92.4,-282.8,0,MM
1618,-256,-282.8,0,MM
1619,-131.6,-283.2,0,MM
1620,160.4,-285.2,0,MM
1621,219.2,-286,0,MM
1622,80,-286,0,MM
1623,-78,-286,0,MM
1624,-158.8,-286,0,MM
1625,188.4,-286.8,0,MM
1626,-218,-286.8,0,MM
1627,119.2,-288,0,MM
1628,-186.8,-288,0,MM
1629,-117.6,-288.8,0,MM
1630,247.6,-289.2,0,MM
1631,65.2,-289.2,0,MM
1632,275.6,-289.6,0,MM
1633,-63.6,-290,0,MM
1634,-246,-290.4,0,MM
1635,-274,-290.4,0,MM
1636,51.2,-291.6,0,MM
1637,145.2,-292.8,0,MM
1638,-49.6,-292.4,0,MM
1639,-145.2,-292.8,0,MM
1640,104.8,-293.2,0,MM
1641,207.2,-294,0,MM
1642,36.8,-294,0,MM
1643,-34.8,-294,0,MM
1644,-102.8,-294,0,MM
1645,173.6,-295.2,0,MM
1646,22,-295.2,0,MM
1647,-20.4,-294.8,0,MM
1648,-205.6,-294.8,0,MM
1649,-171.6,-296.4,0,MM
1650,236.4,-297.6,0,MM
1651,90.4,-297.6,0,MM
1652,-88,-297.6,0,MM
1653,265.2,-298.8,0,MM
1654,132.4,-298.8,0,MM
1655,-130,-298.8,0,MM
1656,-234.8,-298.8,0,MM
1657,-262.4,-300,0,MM
1658,76.4,-301.2,0,MM
1659,-74.4,-301.2,0,MM
1660,162,-302,0,MM
1661,-160,-302,0,MM
1662,61.2,-304.4,0,MM
1663,-58.8,-304.4,0,MM
1664,117.2,-305.2,0,MM
1665,-114.8,-305.2,0,MM
1666,226,-306,0,MM
1667,188,-306,0,MM
1668,-44.4,-306.8,0,MM
1669,-185.6,-306.8,0,MM
1670,-224.4,-306.8,0,MM
1671,253.2,-307.6,0,MM
1672,45.6,-307.2,0,MM
1673,102.8,-308.8,0,MM
1674,30.4,-308.4,0,MM
1675,-29.2,-308.4,0,MM
1676,-251.6,-308.8,0,MM
1677,145.2,-309.2,0,MM
1678,16,-309.2,0,MM
1679,-99.6,-309.2,0,MM
1680,-14.4,-310,0,MM
1681,-144,-310,0,MM
1682,174.8,-313.2,0,MM
1683,213.6,-313.6,0,MM
1684,86.8,-313.6,0,MM
1685,-85.6,-314,0,MM
1686,-174,-313.6,0,MM
1687,-211.6,-314.4,0,MM
1688,129.2,-315.6,0,MM
1689,242,-316,0,MM
1690,71.6,-316.4,0,MM
1691,-127.2,-316.4,0,MM
1692,-240.8,-316.4,0,MM
1693,-70,-317.6,0,MM
1694,203.6,-319.2,0,MM
1695,162.8,-318.8,0,MM
1696,-160.8,-319.2,0,MM
1697,56.4,-319.6,0,MM
1698,-54.8,-320.4,0,MM
1699,116,-321.2,0,MM
1700,-114.4,-321.6,0,MM
1701,-201.6,-321.2,0,MM
1702,-38.4,-322,0,MM
1703,39.6,-322.4,0,MM
1704,24.8,-324,0,MM
1705,-22.4,-323.6,0,MM
1706,230,-324.4,0,MM
1707,98,-325.6,0,MM
1708,-228,-324.8,0,MM
1709,-96.8,-326,0,MM
1710,190.8,-326.8,0,MM
1711,-189.2,-327.6,0,MM
1712,141.6,-328.4,0,MM
1713,-139.2,-329.2,0,MM
1714,82,-330.4,0,MM
1715,218.8,-331.6,0,MM
1716,-79.6,-331.2,0,MM
1717,-216.8,-332.8,0,MM
1718,179.6,-333.2,0,MM
1719,68,-333.2,0,MM
1720,-66.4,-333.2,0,MM
1721,128,-333.6,0,MM
1722,-126,-334,0,MM
1723,-176.8,-334.4,0,MM
1724,50,-336.4,0,MM
1725,-48.4,-336.4,0,MM
1726,114,-338,0,MM
1727,32.4,-338,0,MM
1728,-30.8,-338,0,MM
1729,206,-339.2,0,MM
1730,166,-339.2,0,MM
1731,18.8,-339.2,0,MM
1732,-16.8,-339.2,0,MM
1733,-112.4,-339.2,0,MM
1734,-204,-339.6,0,MM
1735,-163.6,-340.4,0,MM
1736,154.8,-344.4,0,MM
1737,92.4,-344.4,0,MM
1738,-90,-344.4,0,MM
1739,-152.8,-344.4,0,MM
1740,194,-346,0,MM
1741,78.4,-348,0,MM
1742,-76.4,-348,0,MM
1743,-192,-347.6,0,MM
1744,141.6,-349.2,0,MM
1745,-62,-349.6,0,MM
1746,-140,-349.2,0,MM
1747,63.6,-350,0,MM
1748,180.8,-352,0,MM
1749,41.2,-353.2,0,MM
1750,-39.6,-353.2,0,MM
1751,-179.2,-353.2,0,MM
1752,129.2,-354,0,MM
1753,-126.8,-354.4,0,MM
1754,26,-354.8,0,MM
1755,-10.8,-354.8,0,MM
1756,-25.2,-354.8,0,MM
1757,12,-355.6,0,MM
1758,168,-357.6,0,MM
1759,114.4,-358,0,MM
1760,-112.4,-358.8,0,MM
1761,-165.6,-358.8,0,MM
1762,102.8,-361.2,0,MM
1763,-101.2,-361.2,0,MM
1764,154.8,-363.2,0,MM
1765,89.2,-364.4,0,MM
1766,-152.8,-364.4,0,MM
1767,-87.6,-365.6,0,MM
1768,142,-368,0,MM
1769,75.6,-367.6,0,MM
1770,-73.6,-367.6,0,MM
1771,61.6,-369.6,0,MM
1772,-139.2,-368.8,0,MM
1773,-59.6,-370.4,0,MM
1774,-48,-372,0,MM
1775,127.6,-372.4,0,MM
1776,50,-372.4,0,MM
1777,35.6,-373.2,0,MM
1778,-32.8,-373.6,0,MM
1779,-125.6,-373.2,0,MM
1780,-19.2,-374,0,MM
1781,21.2,-374.8,0,MM
1782,114,-376.8,0,MM
1783,-112.4,-377.6,0,MM
1784,100.4,-380.4,0,MM
1785,-98,-381.2,0,MM
1786,155.6,-382.8,0,MM
1787,-152.8,-383.2,0,MM
1788,86.4,-383.6,0,MM
1789,-84,-384,0,MM
1790,72.4,-386,0,MM
1791,-70.8,-386,0,MM
1792,141.6,-387.6,0,MM
1793,58.8,-388.4,0,MM
1794,-56.8,-388.8,0,MM
1795,-138.8,-388.8,0,MM
1796,44.8,-390,0,MM
1797,-42,-390.8,0,MM
1798,30,-392,0,MM
1799,-27.2,-391.6,0,MM
1800,127.2,-392.4,0,MM
1801,15.6,-392.4,0,MM
1802,-13.2,-392.4,0,MM
1803,-124.8,-392.4,0,MM
1804,112.8,-395.6,0,MM
1805,-110,-397.2,0,MM
1806,98,-398.8,0,MM
1807,-94.8,-400.4,0,MM
1808,83.6,-402,0,MM
1809,-81.2,-403.6,0,MM
1810,68.4,-405.2,0,MM
1811,-66,-406,0,MM
1812,54,-407.2,0,MM
1813,-52,-408,0,MM
1814,38.8,-408.8,0,MM
1815,-36.8,-408.8,0,MM
1816,23.6,-410,0,MM
1817,-21.2,-410,0,MM
1818,149.6,257.2,0,LUGO
1819,-151.6,256,0,LUGO
1820,198.4,254.4,0,LUGO
1821,104.4,253.2,0,LUGO
1822,-107.2,252.4,0,LUGO
1823,-200.4,252.8,0,LUGO
1824,64.4,245.2,0,LUGO
1825,173.6,243.2,0,LUGO
1826,128,243.6,0,LUGO
1827,-129.6,243.2,0,LUGO
1828,-175.2,242,0,LUGO
1829,-64.8,241.2,0,LUGO
1830,86.4,238.8,0,LUGO
1831,-88,237.6,0,LUGO
1832,221.6,236.4,0,LUGO
1833,-223.2,235.2,0,LUGO
1834,150.8,232.4,0,LUGO
1835,27.2,232.4,0,LUGO
1836,109.2,230.8,0,LUGO
1837,-152.4,230.4,0,LUGO
1838,-110.8,229.6,0,LUGO
1839,48.8,228.8,0,LUGO
1840,194.8,228,0,LUGO
1841,-196.8,226.8,0,LUGO
1842,70.4,224,0,LUGO
1843,-49.6,223.6,0,LUGO
1844,-71.6,223.6,0,LUGO
1845,248,222.4,0,LUGO
1846,-29.2,222.8,0,LUGO
1847,129.6,219.6,0,LUGO
1848,-130.8,219.6,0,LUGO
1849,172,218,0,LUGO
1850,-172.8,217.2,0,LUGO
1851,90.8,216.8,0,LUGO
1852,-92.4,216.4,0,LUGO
1853,-244,215.6,0,LUGO
1854,216,210,0,LUGO
1855,150.4,208.4,0,LUGO
1856,110.8,208.8,0,LUGO
1857,-112.4,208.4,0,LUGO
1858,-216.8,208.8,0,LUGO
1859,-150.4,207.6,0,LUGO
1860,260,204,0,LUGO
1861,-258.4,199.6,0,LUGO
1862,130.4,198,0,LUGO
1863,-131.2,198,0,LUGO
1864,232,193.6,0,LUGO
1865,-234,192.8,0,LUGO
1866,285.6,186.8,0,LUGO
1867,-272.8,184,0,LUGO
1868,-248.8,179.2,0,LUGO
1869,244.8,178.4,0,LUGO
1870,287.2,171.2,0,LUGO
1871,-284,166.8,0,LUGO
1872,322,151.6,0,LUGO
1873,294.4,150.4,0,LUGO
1874,-323.2,151.2,0,LUGO
1875,-297.6,150,0,LUGO
1876,332,132.4,0,LUGO
1877,362.4,131.6,0,LUGO
1878,304,131.6,0,LUGO
1879,-304.8,130.8,0,LUGO
1880,-332.8,130.4,0,LUGO
1881,-362.8,130.4,0,LUGO
1882,346.8,114,0,LUGO
1883,312.8,112.8,0,LUGO
1884,-313.2,111.6,0,LUGO
1885,-344,110.8,0,LUGO
1886,371.2,109.2,0,LUGO
1887,-372,107.6,0,LUGO
1888,320.4,93.6,0,LUGO
1889,-321.2,92.4,0,LUGO
1890,348.4,90.8,0,LUGO
1891,-348.8,88.4,0,LUGO
1892,378,86.4,0,LUGO
1893,-379.2,84.4,0,LUGO
1894,326.4,73.2,0,LUGO
1895,-326.8,72.4,0,LUGO
1896,354,68.4,0,LUGO
1897,-355.2,66.8,0,LUGO
1898,388.4,66,0,LUGO
1899,-388.4,66.4,0,LUGO
1900,332,52.8,0,LUGO
1901,-332,51.6,0,LUGO
1902,358.8,47.2,0,LUGO
1903,-359.2,44.8,0,LUGO
1904,388,40,0,LUGO
1905,-388,37.6,0,LUGO
1906,335.2,32.4,0,LUGO
1907,-335.2,30.8,0,LUGO
1908,361.2,25.2,0,LUGO
1909,-362,23.2,0,LUGO
1910,392,18,0,LUGO
1911,-390,17.2,0,LUGO
1912,336.8,12,0,LUGO
1913,-337.2,10.8,0,LUGO
1914,363.2,2.4,0,LUGO
1915,-363.2,0.4,0,LUGO
1916,398,-13.2,0,LUGO
1917,-397.2,-13.6,0,LUGO
1918,369.2,-29.2,0,LUGO
1919,-369.6,-31.2,0,LUGO
1920,396,-41.2,0,LUGO
1921,-396,-42,0,LUGO
1922,367.2,-52.8,0,LUGO
1923,-366.8,-54.4,0,LUGO
1924,392.8,-65.6,0,LUGO
1925,-392.4,-65.6,0,LUGO