id,x,y,z
1,15.68526189,-78.85513654,0
2,30.76774796,-74.27991441,0
3,44.66784673,-66.85015683,0
4,56.85138521,-56.85138521,0
5,66.85015683,-44.66784673,0
6,74.27991441,-30.76774796,0
7,78.85513654,-15.68526189,0
8,80.4,-4.92E-15,0
9,78.85513654,15.68526189,0
10,74.27991441,30.76774796,0
11,66.85015683,44.66784673,0
12,56.85138521,56.85138521,0
13,44.66784673,66.85015683,0
14,30.76774796,74.27991441,0
15,15.68526189,78.85513654,0
16,9.85E-15,80.4,0
17,-15.68526189,78.85513654,0
18,-30.76774796,74.27991441,0
19,-44.66784673,66.85015683,0
20,-56.85138521,56.85138521,0
21,-66.85015683,44.66784673,0
22,-74.27991441,30.76774796,0
23,-78.85513654,15.68526189,0
24,-80.4,1.48E-14,0
25,-78.85513654,-15.68526189,0
26,-74.27991441,-30.76774796,0
27,-66.85015683,-44.66784673,0
28,-56.85138521,-56.85138521,0
29,-44.66784673,-66.85015683,0
30,-30.76774796,-74.27991441,0
31,-15.68526189,-78.85513654,0
32,15.85045904,-94.98659352,0
33,31.26855888,-91.08220038,0
34,45.83373395,-84.69332224,0
35,59.14868423,-75.99423105,0
36,70.8502126,-65.22221535,0
37,80.61913186,-52.67110763,0
38,88.18897136,-38.68326939,0
39,93.35324561,-23.64025241,0
40,95.97108668,-7.952390969,0
41,95.97108668,7.952390969,0
42,93.35324561,23.64025241,0
43,88.18897136,38.68326939,0
44,80.61913186,52.67110763,0
45,70.8502126,65.22221535,0
46,59.14868423,75.99423105,0
47,45.83373395,84.69332224,0
48,31.26855888,91.08220038,0
49,15.85045904,94.98659352,0
50,1.18E-14,96.3,0
51,-15.85045904,94.98659352,0
52,-31.26855888,91.08220038,0
53,-45.83373395,84.69332224,0
54,-59.14868423,75.99423105,0
55,-70.8502126,65.22221535,0
56,-80.61913186,52.67110763,0
57,-88.18897136,38.68326939,0
58,-93.35324561,23.64025241,0
59,-95.97108668,7.952390969,0
60,-95.97108668,-7.952390969,0
61,-93.35324561,-23.64025241,0
62,-88.18897136,-38.68326939,0
63,-80.61913186,-52.67110763,0
64,-70.8502126,-65.22221535,0
65,-59.14868423,-75.99423105,0
66,-45.83373395,-84.69332224,0
67,-31.26855888,-91.08220038,0
68,-15.85045904,-94.98659352,0
69,15.99618782,-111.2559301,0
70,31.66673939,-107.8470102,0
71,46.69264746,-102.2426363,0
72,60.76802788,-94.55689709,0
73,73.6063465,-84.94625216,0
74,84.94625216,-73.6063465,0
75,94.55689709,-60.76802788,0
76,102.2426363,-46.69264746,0
77,107.8470102,-31.66673939,0
78,111.2559301,-15.99618782,0
79,112.4,-6.88E-15,0
80,111.2559301,15.99618782,0
81,107.8470102,31.66673939,0
82,102.2426363,46.69264746,0
83,94.55689709,60.76802788,0
84,84.94625216,73.6063465,0
85,73.6063465,84.94625216,0
86,60.76802788,94.55689709,0
87,46.69264746,102.2426363,0
88,31.66673939,107.8470102,0
89,15.99618782,111.2559301,0
90,1.38E-14,112.4,0
91,-15.99618782,111.2559301,0
92,-31.66673939,107.8470102,0
93,-46.69264746,102.2426363,0
94,-60.76802788,94.55689709,0
95,-73.6063465,84.94625216,0
96,-84.94625216,73.6063465,0
97,-94.55689709,60.76802788,0
98,-102.2426363,46.69264746,0
99,-107.8470102,31.66673939,0
100,-111.2559301,15.99618782,0
101,-112.4,2.06E-14,0
102,-111.2559301,-15.99618782,0
103,-107.8470102,-31.66673939,0
104,-102.2426363,-46.69264746,0
105,-94.55689709,-60.76802788,0
106,-84.94625216,-73.6063465,0
107,-73.6063465,-84.94625216,0
108,-60.76802788,-94.55689709,0
109,-46.69264746,-102.2426363,0
110,-31.66673939,-107.8470102,0
111,-15.99618782,-111.2559301,0
112,15.66825706,-126.533615,0
113,31.09899931,-123.6491093,0
114,46.05831244,-118.8902092,0
115,60.3194285,-112.3290548,0
116,73.6661635,-104.0651063,0
117,85.89619456,-94.22363695,0
118,96.82412687,-82.95383328,0
119,106.2843041,-70.42653405,0
120,114.1333196,-56.83164036,0
121,120.2521904,-42.37523693,0
122,124.5481605,-27.27646811,0
123,126.9561075,-11.76421583,0
124,127.4395293,3.926369966,0
125,125.9910977,19.557436,0
126,122.6327695,34.89203123,0
127,117.4154535,49.69769884,0
128,110.418239,63.75,0
129,101.7471965,76.83591614,0
130,91.53377019,88.75707811,0
131,79.93278525,99.33277325,0
132,67.12010077,108.4026848,0
133,53.28994397,115.8293222,0
134,38.65196595,121.5001051,0
135,23.42806352,125.3290702,0
136,7.849015532,127.2581744,0
137,-7.849015532,127.2581744,0
138,-23.42806352,125.3290702,0
139,-38.65196595,121.5001051,0
140,-53.28994397,115.8293222,0
141,-67.12010077,108.4026848,0
142,-79.93278525,99.33277325,0
143,-91.53377019,88.75707811,0
144,-101.7471965,76.83591614,0
145,-110.418239,63.75,0
146,-117.4154535,49.69769884,0
147,-122.6327695,34.89203123,0
148,-125.9910977,19.557436,0
149,-127.4395293,3.926369966,0
150,-126.9561075,-11.76421583,0
151,-124.5481605,-27.27646811,0
152,-120.2521904,-42.37523693,0
153,-114.1333196,-56.83164036,0
154,-106.2843041,-70.42653405,0
155,-96.82412687,-82.95383328,0
156,-85.89619456,-94.22363695,0
157,-73.6661635,-104.0651063,0
158,-60.3194285,-112.3290548,0
159,-46.05831244,-118.8902092,0
160,-31.09899931,-123.6491093,0
161,-15.66825706,-126.533615,0
162,15.86318547,-143.3248037,0
163,31.53381335,-140.7098384,0
164,46.82166346,-136.3868463,0
165,61.541162,-130.4083026,0
166,75.5136342,-122.8467788,0
167,88.56947317,-113.7940615,0
168,100.5501987,-103.3600384,0
169,111.3103811,-91.67136449,0
170,120.7194062,-78.8699244,0
171,128.6630612,-65.11111027,0
172,135.044921,-50.56193546,0
173,139.7875183,-35.39900725,0
174,142.8332846,-19.80638304,0
175,144.1452483,-3.973336169,0
176,143.7074839,11.90794162,0
177,141.5253053,27.64467312,0
178,137.6252013,43.04583575,0
179,132.0545137,57.92448023,0
180,124.8808632,72.1,0
181,116.1913282,85.40032343,0
182,106.0913879,97.66400263,0
183,94.70364187,108.7421731,0
184,82.16632189,118.500361,0
185,68.63161408,126.8201149,0
186,54.26381143,133.6004445,0
187,39.23731963,138.7590456,0
188,23.73453992,142.2333,0
189,7.943655043,143.9810347,0
190,-7.943655043,143.9810347,0
191,-23.73453992,142.2333,0
192,-39.23731963,138.7590456,0
193,-54.26381143,133.6004445,0
194,-68.63161408,126.8201149,0
195,-82.16632189,118.500361,0
196,-94.70364187,108.7421731,0
197,-106.0913879,97.66400263,0
198,-116.1913282,85.40032343,0
199,-124.8808632,72.1,0
200,-132.0545137,57.92448023,0
201,-137.6252013,43.04583575,0
202,-141.5253053,27.64467312,0
203,-143.7074839,11.90794162,0
204,-144.1452483,-3.973336169,0
205,-142.8332846,-19.80638304,0
206,-139.7875183,-35.39900725,0
207,-135.044921,-50.56193546,0
208,-128.6630612,-65.11111027,0
209,-120.7194062,-78.8699244,0
210,-111.3103811,-91.67136449,0
211,-100.5501987,-103.3600384,0
212,-88.56947317,-113.7940615,0
213,-75.5136342,-122.8467788,0
214,-61.541162,-130.4083026,0
215,-46.82166346,-136.3868463,0
216,-31.53381335,-140.7098384,0
217,-15.86318547,-143.3248037,0
218,15.65333731,-158.9310008,0
219,31.15592443,-156.6314093,0
220,46.35846296,-152.8233716,0
221,61.11454415,-147.5435613,0
222,75.28205887,-140.8428259,0
223,88.72456621,-132.7856971,0
224,101.3126075,-123.4497694,0
225,112.924953,-112.924953,0
226,123.4497694,-101.3126075,0
227,132.7856971,-88.72456621,0
228,140.8428259,-75.28205887,0
229,147.5435613,-61.11454415,0
230,152.8233716,-46.35846296,0
231,156.6314093,-31.15592443,0
232,158.9310008,-15.65333731,0
233,159.7,-9.78E-15,0
234,158.9310008,15.65333731,0
235,156.6314093,31.15592443,0
236,152.8233716,46.35846296,0
237,147.5435613,61.11454415,0
238,140.8428259,75.28205887,0
239,132.7856971,88.72456621,0
240,123.4497694,101.3126075,0
241,112.924953,112.924953,0
242,101.3126075,123.4497694,0
243,88.72456621,132.7856971,0
244,75.28205887,140.8428259,0
245,61.11454415,147.5435613,0
246,46.35846296,152.8233716,0
247,31.15592443,156.6314093,0
248,15.65333731,158.9310008,0
249,1.96E-14,159.7,0
250,-15.65333731,158.9310008,0
251,-31.15592443,156.6314093,0
252,-46.35846296,152.8233716,0
253,-61.11454415,147.5435613,0
254,-75.28205887,140.8428259,0
255,-88.72456621,132.7856971,0
256,-101.3126075,123.4497694,0
257,-112.924953,112.924953,0
258,-123.4497694,101.3126075,0
259,-132.7856971,88.72456621,0
260,-140.8428259,75.28205887,0
261,-147.5435613,61.11454415,0
262,-152.8233716,46.35846296,0
263,-156.6314093,31.15592443,0
264,-158.9310008,15.65333731,0
265,-159.7,2.93E-14,0
266,-158.9310008,-15.65333731,0
267,-156.6314093,-31.15592443,0
268,-152.8233716,-46.35846296,0
269,-147.5435613,-61.11454415,0
270,-140.8428259,-75.28205887,0
271,-132.7856971,-88.72456621,0
272,-123.4497694,-101.3126075,0
273,-112.924953,-112.924953,0
274,-101.3126075,-123.4497694,0
275,-88.72456621,-132.7856971,0
276,-75.28205887,-140.8428259,0
277,-61.11454415,-147.5435613,0
278,-46.35846296,-152.8233716,0
279,-31.15592443,-156.6314093,0
280,-15.65333731,-158.9310008,0
281,15.6344405,-176.2077588,0
282,31.14652031,-174.136453,0
283,46.41483637,-170.7022934,0
284,61.3198934,-165.9321568,0
285,75.74503912,-159.8633762,0
286,89.57737722,-152.5434479,0
287,102.7086509,-144.0296603,0
288,115.0360901,-134.3886453,0
289,126.4632159,-123.6958569,0
290,136.9005956,-112.0349808,0
291,146.2665426,-99.49727898,0
292,154.4877555,-86.1808761,0
293,161.4998923,-72.18999101,0
294,167.2480734,-57.63412136,0
295,171.6873116,-42.62718656,0
296,174.7828638,-27.28663624,0
297,176.5105031,-11.73253099,0
298,176.8567084,3.913397217,0
299,175.8187702,19.52869779,0
300,173.4048117,34.99115982,0
301,169.6337255,50.17976859,0
302,164.5350253,64.97565263,0
303,158.1486155,79.26301409,0
304,150.5244784,92.93003499,0
305,141.7222831,105.8697524,0
306,131.8109188,117.9808954,0
307,120.8679554,129.168678,0
308,108.9790363,139.3455405,0
309,96.23720848,148.4318352,0
310,82.74219404,156.3564496,0
311,68.59960974,163.0573627,0
312,53.92014049,168.482131,0
313,38.81867303,172.5882981,0
314,23.41339682,175.3437277,0
315,7.824879036,176.726855,0
316,-7.824879036,176.726855,0
317,-23.41339682,175.3437277,0
318,-38.81867303,172.5882981,0
319,-53.92014049,168.482131,0
320,-68.59960974,163.0573627,0
321,-82.74219404,156.3564496,0
322,-96.23720848,148.4318352,0
323,-108.9790363,139.3455405,0
324,-120.8679554,129.168678,0
325,-131.8109188,117.9808954,0
326,-141.7222831,105.8697524,0
327,-150.5244784,92.93003499,0
328,-158.1486155,79.26301409,0
329,-164.5350253,64.97565263,0
330,-169.6337255,50.17976859,0
331,-173.4048117,34.99115982,0
332,-175.8187702,19.52869779,0
333,-176.8567084,3.913397217,0
334,-176.5105031,-11.73253099,0
335,-174.7828638,-27.28663624,0
336,-171.6873116,-42.62718656,0
337,-167.2480734,-57.63412136,0
338,-161.4998923,-72.18999101,0
339,-154.4877555,-86.1808761,0
340,-146.2665426,-99.49727898,0
341,-136.9005956,-112.0349808,0
342,-126.4632159,-123.6958569,0
343,-115.0360901,-134.3886453,0
344,-102.7086509,-144.0296603,0
345,-89.57737722,-152.5434479,0
346,-75.74503912,-159.8633762,0
347,-61.3198934,-165.9321568,0
348,-46.41483637,-170.7022934,0
349,-31.14652031,-174.136453,0
350,-15.6344405,-176.2077588,0
351,15.77949413,-195.4641081,0
352,31.45665218,-193.5605565,0
353,46.92980177,-190.4016904,0
354,62.09859358,-186.0079963,0
355,76.86465219,-180.4079689,0
356,91.13221404,-173.6379266,0
357,104.8087485,-165.7417758,0
358,117.805558,-156.7707259,0
359,130.0383533,-146.7829577,0
360,141.4277999,-135.8432457,0
361,151.900033,-124.0225382,0
362,161.3871361,-111.3974968,0
363,169.8275817,-98.05,0
364,177.1666302,-84.06661129,0
365,183.3566852,-69.53801835,0
366,188.3576017,-54.55844467,0
367,192.1369469,-39.22503855,0
368,194.6702102,-23.637243,0
369,195.9409625,-7.896150855,0
370,195.9409625,7.896150855,0
371,194.6702102,23.637243,0
372,192.1369469,39.22503855,0
373,188.3576017,54.55844467,0
374,183.3566852,69.53801835,0
375,177.1666302,84.06661129,0
376,169.8275817,98.05,0
377,161.3871361,111.3974968,0
378,151.900033,124.0225382,0
379,141.4277999,135.8432457,0
380,130.0383533,146.7829577,0
381,117.805558,156.7707259,0
382,104.8087485,165.7417758,0
383,91.13221404,173.6379266,0
384,76.86465219,180.4079689,0
385,62.09859358,186.0079963,0
386,46.92980177,190.4016904,0
387,31.45665218,193.5605565,0
388,15.77949413,195.4641081,0
389,2.40E-14,196.1,0
390,-15.77949413,195.4641081,0
391,-31.45665218,193.5605565,0
392,-46.92980177,190.4016904,0
393,-62.09859358,186.0079963,0
394,-76.86465219,180.4079689,0
395,-91.13221404,173.6379266,0
396,-104.8087485,165.7417758,0
397,-117.805558,156.7707259,0
398,-130.0383533,146.7829577,0
399,-141.4277999,135.8432457,0
400,-151.900033,124.0225382,0
401,-161.3871361,111.3974968,0
402,-169.8275817,98.05,0
403,-177.1666302,84.06661129,0
404,-183.3566852,69.53801835,0
405,-188.3576017,54.55844467,0
406,-192.1369469,39.22503855,0
407,-194.6702102,23.637243,0
408,-195.9409625,7.896150855,0
409,-195.9409625,-7.896150855,0
410,-194.6702102,-23.637243,0
411,-192.1369469,-39.22503855,0
412,-188.3576017,-54.55844467,0
413,-183.3566852,-69.53801835,0
414,-177.1666302,-84.06661129,0
415,-169.8275817,-98.05,0
416,-161.3871361,-111.3974968,0
417,-151.900033,-124.0225382,0
418,-141.4277999,-135.8432457,0
419,-130.0383533,-146.7829577,0
420,-117.805558,-156.7707259,0
421,-104.8087485,-165.7417758,0
422,-91.13221404,-173.6379266,0
423,-76.86465219,-180.4079689,0
424,-62.09859358,-186.0079963,0
425,-46.92980177,-190.4016904,0
426,-31.45665218,-193.5605565,0
427,-15.77949413,-195.4641081,0
428,15.82538422,-216.2216391,0
429,31.56633316,-214.4896422,0
430,47.13886207,-211.6132503,0
431,62.45988474,-207.6078101,0
432,77.44765691,-202.4946924,0
433,92.02221232,-196.3011779,0
434,106.1057894,-189.0603117,0
435,119.6232462,-180.8107269,0
436,132.5024612,-171.5964387,0
437,144.6747183,-161.4666092,0
438,156.0750731,-150.4752855,0
439,166.6426999,-138.6811111,0
440,176.3212158,-126.1470129,0
441,185.0589817,-112.9398658,0
442,192.8093779,-99.13013569,0
443,199.5310526,-84.7915034,0
444,205.1881428,-70.00047175,0
445,209.7504655,-54.8359573,0
446,213.1936787,-39.37886929,0
447,215.4994114,-23.71167798,0
448,216.6553615,-7.917974599,0
449,216.6553615,7.917974599,0
450,215.4994114,23.71167798,0
451,213.1936787,39.37886929,0
452,209.7504655,54.8359573,0
453,205.1881428,70.00047175,0
454,199.5310526,84.7915034,0
455,192.8093779,99.13013569,0
456,185.0589817,112.9398658,0
457,176.3212158,126.1470129,0
458,166.6426999,138.6811111,0
459,156.0750731,150.4752855,0
460,144.6747183,161.4666092,0
461,132.5024612,171.5964387,0
462,119.6232462,180.8107269,0
463,106.1057894,189.0603117,0
464,92.02221232,196.3011779,0
465,77.44765691,202.4946924,0
466,62.45988474,207.6078101,0
467,47.13886207,211.6132503,0
468,31.56633316,214.4896422,0
469,15.82538422,216.2216391,0
470,2.66E-14,216.8,0
471,-15.82538422,216.2216391,0
472,-31.56633316,214.4896422,0
473,-47.13886207,211.6132503,0
474,-62.45988474,207.6078101,0
475,-77.44765691,202.4946924,0
476,-92.02221232,196.3011779,0
477,-106.1057894,189.0603117,0
478,-119.6232462,180.8107269,0
479,-132.5024612,171.5964387,0
480,-144.6747183,161.4666092,0
481,-156.0750731,150.4752855,0
482,-166.6426999,138.6811111,0
483,-176.3212158,126.1470129,0
484,-185.0589817,112.9398658,0
485,-192.8093779,99.13013569,0
486,-199.5310526,84.7915034,0
487,-205.1881428,70.00047175,0
488,-209.7504655,54.8359573,0
489,-213.1936787,39.37886929,0
490,-215.4994114,23.71167798,0
491,-216.6553615,7.917974599,0
492,-216.6553615,-7.917974599,0
493,-215.4994114,-23.71167798,0
494,-213.1936787,-39.37886929,0
495,-209.7504655,-54.8359573,0
496,-205.1881428,-70.00047175,0
497,-199.5310526,-84.7915034,0
498,-192.8093779,-99.13013569,0
499,-185.0589817,-112.9398658,0
500,-176.3212158,-126.1470129,0
501,-166.6426999,-138.6811111,0
502,-156.0750731,-150.4752855,0
503,-144.6747183,-161.4666092,0
504,-132.5024612,-171.5964387,0
505,-119.6232462,-180.8107269,0
506,-106.1057894,-189.0603117,0
507,-92.02221232,-196.3011779,0
508,-77.44765691,-202.4946924,0
509,-62.45988474,-207.6078101,0
510,-47.13886207,-211.6132503,0
511,-31.56633316,-214.4896422,0
512,-15.82538422,-216.2216391,0
513,15.72955907,-237.4796433,0
514,31.39033678,-235.9208485,0
515,46.91385253,-233.3304319,0
516,62.23222595,-229.7197206,0
517,77.27847367,-225.1045035,0
518,91.98680229,-219.5049617,0
519,106.292896,-212.9455805,0
520,120.134198,-205.4550425,0
521,133.4501836,-197.0661018,0
522,146.1826256,-187.8154412,0
523,158.2758482,-177.7435115,0
524,169.6769707,-166.8943547,0
525,180.336139,-155.3154112,0
526,190.2067433,-143.0573131,0
527,199.2456218,-130.1736616,0
528,207.41325,-116.7207939,0
529,214.6739128,-102.7575359,0
530,220.9958612,-88.34494524,0
531,226.3514509,-73.54604466,0
532,230.7172633,-58.42554594,0
533,234.0742078,-43.04956717,0
534,236.4076054,-27.4853436,0
535,237.7072527,-11.80093361,0
536,237.9674666,3.935078854,0
537,237.1871093,19.65388422,0
538,235.3695932,35.28674816,0
539,232.5228657,50.76531212,0
540,228.6593749,66.02189229,0
541,223.7960148,80.98977552,0
542,217.9540517,95.60351107,0
543,211.159031,109.7991968,0
544,203.4406656,123.5147586,0
545,194.8327059,136.6902217,0
546,185.3727923,149.2679733,0
547,175.1022907,161.193014,0
548,164.0661114,172.4131987,0
549,152.3125126,182.8794644,0
550,139.89289,192.5460447,0
551,126.8615514,201.3706701,0
552,113.2754795,209.3147528,0
553,99.1940828,216.3435553,0
554,84.67893557,222.4263426,0
555,69.7935089,227.536516,0
556,54.60289297,231.6517301,0
557,39.17351249,234.7539902,0
558,23.5728362,236.8297308,0
559,7.869081898,237.8698752,0
560,-7.869081898,237.8698752,0
561,-23.5728362,236.8297308,0
562,-39.17351249,234.7539902,0
563,-54.60289297,231.6517301,0
564,-69.7935089,227.536516,0
565,-84.67893557,222.4263426,0
566,-99.1940828,216.3435553,0
567,-113.2754795,209.3147528,0
568,-126.8615514,201.3706701,0
569,-139.89289,192.5460447,0
570,-152.3125126,182.8794644,0
571,-164.0661114,172.4131987,0
572,-175.1022907,161.193014,0
573,-185.3727923,149.2679733,0
574,-194.8327059,136.6902217,0
575,-203.4406656,123.5147586,0
576,-211.159031,109.7991968,0
577,-217.9540517,95.60351107,0
578,-223.7960148,80.98977552,0
579,-228.6593749,66.02189229,0
580,-232.5228657,50.76531212,0
581,-235.3695932,35.28674816,0
582,-237.1871093,19.65388422,0
583,-237.9674666,3.935078854,0
584,-237.7072527,-11.80093361,0
585,-236.4076054,-27.4853436,0
586,-234.0742078,-43.04956717,0
587,-230.7172633,-58.42554594,0
588,-226.3514509,-73.54604466,0
589,-220.9958612,-88.34494524,0
590,-214.6739128,-102.7575359,0
591,-207.41325,-116.7207939,0
592,-199.2456218,-130.1736616,0
593,-190.2067433,-143.0573131,0
594,-180.336139,-155.3154112,0
595,-169.6769707,-166.8943547,0
596,-158.2758482,-177.7435115,0
597,-146.1826256,-187.8154412,0
598,-133.4501836,-197.0661018,0
599,-120.134198,-205.4550425,0
600,-106.292896,-212.9455805,0
601,-91.98680229,-219.5049617,0
602,-77.27847367,-225.1045035,0
603,-62.23222595,-229.7197206,0
604,-46.91385253,-233.3304319,0
605,-31.39033678,-235.9208485,0
606,-15.72955907,-237.4796433,0
607,11.58913684,-261.7435613,0
608,34.67670982,-259.6950631,0
609,57.49289052,-255.6140989,0
610,79.85911141,-249.5326077,0
611,101.6003265,-241.4981856,0
612,122.5463812,-231.5737128,0
613,142.5333444,-219.8368616,0
614,161.4047909,-206.379489,0
615,179.013026,-191.306917,0
616,195.2202415,-174.7371091,0
617,209.899594,-156.7997463,0
618,222.9361975,-137.6352129,0
619,234.228023,-117.3934974,0
620,243.6866967,-96.23301859,0
621,251.2381915,-74.31938592,0
622,256.8234069,-51.8241033,0
623,260.3986309,-28.9232268,0
624,261.9358825,-5.795986834,0
625,261.4231307,17.37661459,0
626,258.8643885,40.41322044,0
627,254.2796814,63.13353804,0
628,247.7048911,85.35975012,0
629,239.1914741,106.9179064,0
630,228.8060596,127.6392851,0
631,216.6299274,147.3617134,0
632,202.7583723,165.9308364,0
633,187.299958,183.2013257,0
634,170.3756676,199.0380162,0
635,152.1179566,213.3169643,0
636,132.6697164,225.926418,0
637,112.1831557,236.7676911,0
638,90.81860978,245.7559361,0
639,68.74328507,252.8208076,0
640,46.12995094,257.9070135,0
641,23.1555874,260.9747474,0
642,3.21E-14,262,0
643,-23.1555874,260.9747474,0
644,-46.12995094,257.9070135,0
645,-68.74328507,252.8208076,0
646,-90.81860978,245.7559361,0
647,-112.1831557,236.7676911,0
648,-132.6697164,225.926418,0
649,-152.1179566,213.3169643,0
650,-170.3756676,199.0380162,0
651,-187.299958,183.2013257,0
652,-202.7583723,165.9308364,0
653,-216.6299274,147.3617134,0
654,-228.8060596,127.6392851,0
655,-239.1914741,106.9179064,0
656,-247.7048911,85.35975012,0
657,-254.2796814,63.13353804,0
658,-258.8643885,40.41322044,0
659,-261.4231307,17.37661459,0
660,-261.9358825,-5.795986834,0
661,-260.3986309,-28.9232268,0
662,-256.8234069,-51.8241033,0
663,-251.2381915,-74.31938592,0
664,-243.6866967,-96.23301859,0
665,-234.228023,-117.3934974,0
666,-222.9361975,-137.6352129,0
667,-209.899594,-156.7997463,0
668,-195.2202415,-174.7371091,0
669,-179.013026,-191.306917,0
670,-161.4047909,-206.379489,0
671,-142.5333444,-219.8368616,0
672,-122.5463812,-231.5737128,0
673,-101.6003265,-241.4981856,0
674,-79.85911141,-249.5326077,0
675,-57.49289052,-255.6140989,0
676,-34.67670982,-259.6950631,0
677,-11.58913684,-261.7435613,0
678,24.22498667,-273.0273979,0
679,48.26037997,-269.8179863,0
680,71.91807037,-264.4968831,0
681,95.01290436,-257.1057331,0
682,117.3641335,-247.7023822,0
683,138.7968293,-236.3604243,0
684,159.1432516,-223.1686256,0
685,178.2441622,-208.2302299,0
686,195.9500706,-191.6621502,0
687,212.122404,-173.5940544,0
688,226.634592,-154.1673497,0
689,239.373057,-133.5340765,0
690,250.2381033,-111.8557181,0
691,259.1446971,-89.30193705,0
692,266.0231323,-66.04924724,0
693,270.8195759,-42.27963253,0
694,273.496489,-18.17912236,0
695,274.0329213,6.063664089,0
696,272.4246745,30.25899414,0
697,268.6843352,54.21750654,0
698,262.8411767,77.75169344,0
699,254.9409296,100.6773679,0
700,245.0454241,122.8151055,0
701,233.2321059,143.9916483,0
702,219.5934302,164.0412613,0
703,204.2361382,182.807029,0
704,187.2804215,200.1420838,0
705,168.8589816,215.9107555,0
706,149.1159912,229.9896327,0
707,128.205966,242.2685293,0
708,106.2925553,252.6513461,0
709,83.54726121,261.0568236,0
710,60.14809653,267.4191775,0
711,36.27819145,271.6886137,0
712,12.12436034,273.8317182,0
713,-12.12436034,273.8317182,0
714,-36.27819145,271.6886137,0
715,-60.14809653,267.4191775,0
716,-83.54726121,261.0568236,0
717,-106.2925553,252.6513461,0
718,-128.205966,242.2685293,0
719,-149.1159912,229.9896327,0
720,-168.8589816,215.9107555,0
721,-187.2804215,200.1420838,0
722,-204.2361382,182.807029,0
723,-219.5934302,164.0412613,0
724,-233.2321059,143.9916483,0
725,-245.0454241,122.8151055,0
726,-254.9409296,100.6773679,0
727,-262.8411767,77.75169344,0
728,-268.6843352,54.21750654,0
729,-272.4246745,30.25899414,0
730,-274.0329213,6.063664089,0
731,-273.496489,-18.17912236,0
732,-270.8195759,-42.27963253,0
733,-266.0231323,-66.04924724,0
734,-259.1446971,-89.30193705,0
735,-250.2381033,-111.8557181,0
736,-239.373057,-133.5340765,0
737,-226.634592,-154.1673497,0
738,-212.122404,-173.5940544,0
739,-195.9500706,-191.6621502,0
740,-178.2441622,-208.2302299,0
741,-159.1432516,-223.1686256,0
742,-138.7968293,-236.3604243,0
743,-117.3641335,-247.7023822,0
744,-95.01290436,-257.1057331,0
745,-71.91807037,-264.4968831,0
746,-48.26037997,-269.8179863,0
747,-24.22498667,-273.0273979,0
748,12.67285384,-286.2195814,0
749,37.91937925,-283.9795251,0
750,62.8691341,-279.516944,0
751,87.32685274,-272.8667638,0
752,111.1011204,-264.0810312,0
753,134.0058711,-253.2285065,0
754,155.8618441,-240.3941254,0
755,176.497987,-225.6783344,0
756,195.7527937,-209.1963043,0
757,213.4755695,-191.0770296,0
758,229.5276095,-171.462318,0
759,243.7832847,-150.5056813,0
760,256.1310252,-128.3711336,0
761,266.4741931,-105.2319077,0
762,274.7318392,-81.26909949,0
763,280.8393361,-56.67025036,0
764,284.7488845,-31.62787969,0
765,286.4298868,-6.337977969,0
766,285.8691868,19.00152702,0
767,283.0711729,44.19231929,0
768,278.0577432,69.03724675,0
769,270.8681347,93.34186415,0
770,261.5586158,116.9159549,0
771,250.2020461,139.5750198,0
772,236.8873061,161.1417209,0
773,221.7186018,181.4472696,0
774,204.8146488,200.3327473,0
775,186.3077434,217.6503497,0
776,166.3427274,233.264543,0
777,145.075854,247.053125,0
778,122.6735653,258.9081813,0
779,99.31118971,268.7369301,0
780,75.17156936,276.462448,0
781,50.44362956,282.0242724,0
782,25.32089997,285.3788745,0
783,3.51E-14,286.5,0
784,-25.32089997,285.3788745,0
785,-50.44362956,282.0242724,0
786,-75.17156936,276.462448,0
787,-99.31118971,268.7369301,0
788,-122.6735653,258.9081813,0
789,-145.075854,247.053125,0
790,-166.3427274,233.264543,0
791,-186.3077434,217.6503497,0
792,-204.8146488,200.3327473,0
793,-221.7186018,181.4472696,0
794,-236.8873061,161.1417209,0
795,-250.2020461,139.5750198,0
796,-261.5586158,116.9159549,0
797,-270.8681347,93.34186415,0
798,-278.0577432,69.03724675,0
799,-283.0711729,44.19231929,0
800,-285.8691868,19.00152702,0
801,-286.4298868,-6.337977969,0
802,-284.7488845,-31.62787969,0
803,-280.8393361,-56.67025036,0
804,-274.7318392,-81.26909949,0
805,-266.4741931,-105.2319077,0
806,-256.1310252,-128.3711336,0
807,-243.7832847,-150.5056813,0
808,-229.5276095,-171.462318,0
809,-213.4755695,-191.0770296,0
810,-195.7527937,-209.1963043,0
811,-176.497987,-225.6783344,0
812,-155.8618441,-240.3941254,0
813,-134.0058711,-253.2285065,0
814,-111.1011204,-264.0810312,0
815,-87.32685274,-272.8667638,0
816,-62.8691341,-279.516944,0
817,-37.91937925,-283.9795251,0
818,-12.67285384,-286.2195814,0
819,26.51403138,-298.8260466,0
820,52.82055451,-295.3133743,0
821,78.71368519,-289.4894744,0
822,103.9907746,-281.3999268,0
823,128.4539951,-271.1080433,0
824,151.911889,-258.6943718,0
825,174.1808664,-244.256066,0
826,195.0866423,-227.9061254,0
827,214.4656008,-209.7725103,0
828,232.1660751,-189.9971409,0
829,248.0495352,-168.7347863,0
830,261.9916713,-146.1518532,0
831,273.8833673,-122.4250837,0
832,283.6315547,-97.74017189,0
833,291.1599405,-72.29031074,0
834,296.4096051,-46.27467989,0
835,299.3394626,-19.89688693,0
836,299.926583,6.636626146,0
837,298.1663712,33.11819862,0
838,294.0726033,59.3405763,0
839,287.6773185,85.0985335,0
840,279.0305687,110.1904793,0
841,268.2000264,134.4200352,0
842,255.2704552,157.5975721,0
843,240.3430466,179.5416943,0
844,223.5346277,200.0806593,0
845,204.9767474,219.0537218,0
846,184.814646,236.312392,0
847,163.2061195,251.7215973,0
848,140.3202838,265.1607398,0
849,116.3362517,276.52464,0
850,91.44173062,285.72436,0
851,65.83155403,292.6878995,0
852,39.70615628,297.3607593,0
853,13.27000402,299.706368,0
854,-13.27000402,299.706368,0
855,-39.70615628,297.3607593,0
856,-65.83155403,292.6878995,0
857,-91.44173062,285.72436,0
858,-116.3362517,276.52464,0
859,-140.3202838,265.1607398,0
860,-163.2061195,251.7215973,0
861,-184.814646,236.312392,0
862,-204.9767474,219.0537218,0
863,-223.5346277,200.0806593,0
864,-240.3430466,179.5416943,0
865,-255.2704552,157.5975721,0
866,-268.2000264,134.4200352,0
867,-279.0305687,110.1904793,0
868,-287.6773185,85.0985335,0
869,-294.0726033,59.3405763,0
870,-298.1663712,33.11819862,0
871,-299.926583,6.636626146,0
872,-299.3394626,-19.89688693,0
873,-296.4096051,-46.27467989,0
874,-291.1599405,-72.29031074,0
875,-283.6315547,-97.74017189,0
876,-273.8833673,-122.4250837,0
877,-261.9916713,-146.1518532,0
878,-248.0495352,-168.7347863,0
879,-232.1660751,-189.9971409,0
880,-214.4656008,-209.7725103,0
881,-195.0866423,-227.9061254,0
882,-174.1808664,-244.256066,0
883,-151.911889,-258.6943718,0
884,-128.4539951,-271.1080433,0
885,-103.9907746,-281.3999268,0
886,-78.71368519,-289.4894744,0
887,-52.82055451,-295.3133743,0
888,-26.51403138,-298.8260466,0
889,13.89811754,-313.8924694,0
890,41.58558101,-311.4358352,0
891,68.94758092,-306.5417934,0
892,95.76997253,-299.2486464,0
893,121.8428343,-289.613473,0
894,146.9621106,-277.7116815,0
895,170.9312092,-263.6364196,0
896,193.5625393,-247.4978452,0
897,214.6789801,-229.4222646,0
898,234.1152668,-209.5511438,0
899,251.7192841,-188.0400011,0
900,267.3532567,-165.0571905,0
901,280.8948276,-140.7825835,0
902,292.2380156,-115.406162,0
903,301.2940449,-89.12653075,0
904,307.9920398,-62.14936357,0
905,312.2795794,-34.68579336,0
906,314.1231079,-6.950759784,0
907,313.5081972,20.83867291,0
908,310.4396598,48.46501474,0
909,304.9415111,75.71205211,0
910,297.0567816,102.36654,0
911,286.84718,128.219871,0
912,274.3926104,153.0697076,0
913,259.7905465,176.7215662,0
914,243.1552694,198.9903389,0
915,224.6169726,219.7017425,0
916,204.3207434,238.693682,0
917,182.4254274,255.8175198,0
918,159.1023851,270.9392387,0
919,134.5341509,283.9404907,0
920,108.9130046,294.7195233,0
921,82.43946629,303.1919761,0
922,55.32072743,309.2915406,0
923,27.76902886,312.9704795,0
924,3.85E-14,314.2,0
925,-27.76902886,312.9704795,0
926,-55.32072743,309.2915406,0
927,-82.43946629,303.1919761,0
928,-108.9130046,294.7195233,0
929,-134.5341509,283.9404907,0
930,-159.1023851,270.9392387,0
931,-182.4254274,255.8175198,0
932,-204.3207434,238.693682,0
933,-224.6169726,219.7017425,0
934,-243.1552694,198.9903389,0
935,-259.7905465,176.7215662,0
936,-274.3926104,153.0697076,0
937,-286.84718,128.219871,0
938,-297.0567816,102.36654,0
939,-304.9415111,75.71205211,0
940,-310.4396598,48.46501474,0
941,-313.5081972,20.83867291,0
942,-314.1231079,-6.950759784,0
943,-312.2795794,-34.68579336,0
944,-307.9920398,-62.14936357,0
945,-301.2940449,-89.12653075,0
946,-292.2380156,-115.406162,0
947,-280.8948276,-140.7825835,0
948,-267.3532567,-165.0571905,0
949,-251.7192841,-188.0400011,0
950,-234.1152668,-209.5511438,0
951,-214.6789801,-229.4222646,0
952,-193.5625393,-247.4978452,0
953,-170.9312092,-263.6364196,0
954,-146.9621106,-277.7116815,0
955,-121.8428343,-289.613473,0
956,-95.76997253,-299.2486464,0
957,-68.94758092,-306.5417934,0
958,-41.58558101,-311.4358352,0
959,-13.89811754,-313.8924694,0
960,29.11240645,-328.1109992,0
961,57.99696886,-324.2540849,0
962,86.42762634,-317.8594428,0
963,114.1818705,-308.9771196,0
964,141.0424866,-297.6766315,0
965,166.7992541,-284.0464202,0
966,191.2505913,-268.1931605,0
967,214.2051333,-250.2409257,0
968,235.4832297,-230.3302163,0
969,254.9183505,-208.6168607,0
970,272.3583896,-185.2707953,0
971,287.666855,-160.4747348,0
972,300.7239373,-134.4227419,0
973,311.427447,-107.3187087,0
974,319.6936147,-79.37476119,0
975,325.4577464,-50.80959852,0
976,328.67473,-21.84678185,0
977,329.3193881,7.287015508,0
978,327.3866756,36.36378209,0
979,322.8917184,65.15595277,0
980,315.8696957,93.43818978,0
981,306.3755644,120.9891463,0
982,294.4836289,147.5931986,0
983,280.2869598,173.0421341,0
984,263.8966651,197.1367803,0
985,245.4410212,219.6885639,0
986,225.0644686,240.5209865,0
987,202.9264813,259.4710064,0
988,179.2003192,276.3903138,0
989,154.0716717,291.1464923,0
990,127.7372043,303.6240548,0
991,100.4030202,313.7253473,0
992,72.28304633,321.3713136,0
993,43.59735959,326.5021137,0
994,14.57046441,329.077592,0
995,-14.57046441,329.077592,0
996,-43.59735959,326.5021137,0
997,-72.28304633,321.3713136,0
998,-100.4030202,313.7253473,0
999,-127.7372043,303.6240548,0
1000,-154.0716717,291.1464923,0
1001,-179.2003192,276.3903138,0
1002,-202.9264813,259.4710064,0
1003,-225.0644686,240.5209865,0
1004,-245.4410212,219.6885639,0
1005,-263.8966651,197.1367803,0
1006,-280.2869598,173.0421341,0
1007,-294.4836289,147.5931986,0
1008,-306.3755644,120.9891463,0
1009,-315.8696957,93.43818978,0
1010,-322.8917184,65.15595277,0
1011,-327.3866756,36.36378209,0
1012,-329.3193881,7.287015508,0
1013,-328.67473,-21.84678185,0
1014,-325.4577464,-50.80959852,0
1015,-319.6936147,-79.37476119,0
1016,-311.427447,-107.3187087,0
1017,-300.7239373,-134.4227419,0
1018,-287.666855,-160.4747348,0
1019,-272.3583896,-185.2707953,0
1020,-254.9183505,-208.6168607,0
1021,-235.4832297,-230.3302163,0
1022,-214.2051333,-250.2409257,0
1023,-191.2505913,-268.1931605,0
1024,-166.7992541,-284.0464202,0
1025,-141.0424866,-297.6766315,0
1026,-114.1818705,-308.9771196,0
1027,-86.42762634,-317.8594428,0
1028,-57.99696886,-324.2540849,0
1029,-29.11240645,-328.1109992,0
1030,15.24723462,-344.3626168,0
1031,45.62237356,-341.6675124,0
1032,75.64045558,-336.2983965,0
1033,105.0665485,-328.2972896,0
1034,133.6703532,-317.7268114,0
1035,161.2280061,-304.6696901,0
1036,187.5238313,-289.2281153,0
1037,212.3520283,-271.5229384,0
1038,235.5182827,-251.6927264,0
1039,256.8412873,-229.8926775,0
1040,276.1541605,-206.2934067,0
1041,293.305753,-181.0796103,0
1042,308.1618303,-154.4486204,0
1043,320.6061234,-126.6088607,0
1044,330.541239,-97.77821499,0
1045,337.8894212,-68.18232216,0
1046,342.5931605,-38.05281022,0
1047,344.6156439,-7.625483442,0
1048,343.9410426,22.86152308,0
1049,340.5746363,53.16960719,0
1050,334.5427717,83.06156704,0
1051,325.8926563,112.3034575,0
1052,314.691989,140.6664211,0
1053,301.0284303,167.9284793,0
1054,285.0089159,193.8762694,0
1055,266.7588203,218.3067149,0
1056,246.4209753,241.0286143,0
1057,224.154552,261.8641381,0
1058,200.1338155,280.6502198,0
1059,174.5467605,297.2398331,0
1060,147.5936404,311.5031417,0
1061,119.4854,323.3285159,0
1062,90.44202429,332.623406,0
1063,60.69081714,339.315067,0
1064,30.46462205,343.3511276,0
1065,4.22E-14,344.7,0
1066,-30.46462205,343.3511276,0
1067,-60.69081714,339.315067,0
1068,-90.44202429,332.623406,0
1069,-119.4854,323.3285159,0
1070,-147.5936404,311.5031417,0
1071,-174.5467605,297.2398331,0
1072,-200.1338155,280.6502198,0
1073,-224.154552,261.8641381,0
1074,-246.4209753,241.0286143,0
1075,-266.7588203,218.3067149,0
1076,-285.0089159,193.8762694,0
1077,-301.0284303,167.9284793,0
1078,-314.691989,140.6664211,0
1079,-325.8926563,112.3034575,0
1080,-334.5427717,83.06156704,0
1081,-340.5746363,53.16960719,0
1082,-343.9410426,22.86152308,0
1083,-344.6156439,-7.625483442,0
1084,-342.5931605,-38.05281022,0
1085,-337.8894212,-68.18232216,0
1086,-330.541239,-97.77821499,0
1087,-320.6061234,-126.6088607,0
1088,-308.1618303,-154.4486204,0
1089,-293.305753,-181.0796103,0
1090,-276.1541605,-206.2934067,0
1091,-256.8412873,-229.8926775,0
1092,-235.5182827,-251.6927264,0
1093,-212.3520283,-271.5229384,0
1094,-187.5238313,-289.2281153,0
1095,-161.2280061,-304.6696901,0
1096,-133.6703532,-317.7268114,0
1097,-105.0665485,-328.2972896,0
1098,-75.64045558,-336.2983965,0
1099,-45.62237356,-341.6675124,0
1100,-15.24723462,-344.3626168,0
1101,31.89637975,-359.4877341,0
1102,63.54312708,-355.2619892,0
1103,94.69256329,-348.2558377,0
1104,125.1009018,-338.5241119,0
1105,154.5301561,-326.1429761,0
1106,182.7500025,-311.2093292,0
1107,209.5395823,-293.8400474,0
1108,234.6892307,-274.1710688,0
1109,258.0021177,-252.3563299,0
1110,279.2957884,-228.5665605,0
1111,298.4035908,-202.9879479,0
1112,315.1759805,-175.8206794,0
1113,329.4816909,-147.2773757,0
1114,341.2087603,-117.5814268,0
1115,350.2654085,-86.96524382,0
1116,356.5807549,-55.66843991,0
1117,360.1053735,-23.93595498,0
1118,360.8116794,7.983861254,0
1119,358.6941446,39.84119295,0
1120,353.7693418,71.38671328,0
1121,346.0758142,102.3735358,0
1122,335.6737742,132.5591466,0
1123,322.6446317,161.7073023,0
1124,307.0903576,189.5898792,0
1125,289.132685,215.9886582,0
1126,268.9121572,240.6970331,0
1127,246.5870271,263.5216273,0
1128,222.3320192,284.2838076,0
1129,196.3369618,302.8210816,0
1130,168.8053015,318.98837,0
1131,139.9525108,332.659142,0
1132,110.0044019,343.7264051,0
1133,79.1953595,352.1035431,0
1134,47.766506,357.7249934,0
1135,15.96381483,360.5467607,0
1136,-15.96381483,360.5467607,0
1137,-47.766506,357.7249934,0
1138,-79.1953595,352.1035431,0
1139,-110.0044019,343.7264051,0
1140,-139.9525108,332.659142,0
1141,-168.8053015,318.98837,0
1142,-196.3369618,302.8210816,0
1143,-222.3320192,284.2838076,0
1144,-246.5870271,263.5216273,0
1145,-268.9121572,240.6970331,0
1146,-289.132685,215.9886582,0
1147,-307.0903576,189.5898792,0
1148,-322.6446317,161.7073023,0
1149,-335.6737742,132.5591466,0
1150,-346.0758142,102.3735358,0
1151,-353.7693418,71.38671328,0
1152,-358.6941446,39.84119295,0
1153,-360.8116794,7.983861254,0
1154,-360.1053735,-23.93595498,0
1155,-356.5807549,-55.66843991,0
1156,-350.2654085,-86.96524382,0
1157,-341.2087603,-117.5814268,0
1158,-329.4816909,-147.2773757,0
1159,-315.1759805,-175.8206794,0
1160,-298.4035908,-202.9879479,0
1161,-279.2957884,-228.5665605,0
1162,-258.0021177,-252.3563299,0
1163,-234.6892307,-274.1710688,0
1164,-209.5395823,-293.8400474,0
1165,-182.7500025,-311.2093292,0
1166,-154.5301561,-326.1429761,0
1167,-125.1009018,-338.5241119,0
1168,-94.69256329,-348.2558377,0
1169,-63.54312708,-355.2619892,0
1170,-31.89637975,-359.4877341,0
1171,16.64943171,-376.0315897,0
1172,49.81799075,-373.0886326,0
1173,82.59665646,-367.2257512,0
1174,114.7288913,-358.4888304,0
1175,145.9632171,-346.9462484,0
1176,176.0551828,-332.6883416,0
1177,204.769278,-315.8266974,0
1178,231.8807759,-296.4932812,0
1179,257.1774924,-274.839403,0
1180,280.4614463,-251.0345338,0
1181,301.5504091,-225.2649791,0
1182,320.2793311,-197.7324204,0
1183,336.5016331,-168.6523375,0
1184,350.0903535,-138.2523214,0
1185,360.9391423,-106.7702934,0
1186,368.9630929,-74.45264306,0
1187,374.0994071,-41.55229987,0
1188,376.3078861,-8.326753604,0
1189,375.5712458,24.9639608,0
1190,371.8952512,58.05929837,0
1191,365.3086721,90.7002432,0
1192,355.8630572,122.6313357,0
1193,343.6323315,153.6026716,0
1194,328.7122169,183.3718585,0
1195,311.2194835,211.7059119,0
1196,291.2910356,238.3830795,0
1197,269.0828405,263.1945763,0
1198,244.7687072,285.9462186,0
1199,218.538927,306.4599442,0
1200,190.5987834,324.5752051,0
1201,161.1669459,340.150225,0
1202,130.4737585,353.0631082,0
1203,98.75943702,363.2127938,0
1204,66.27218906,370.5198469,0
1205,33.26627137,374.9270798,0
1206,4.61E-14,376.4,0
1207,-33.26627137,374.9270798,0
1208,-66.27218906,370.5198469,0
1209,-98.75943702,363.2127938,0
1210,-130.4737585,353.0631082,0
1211,-161.1669459,340.150225,0
1212,-190.5987834,324.5752051,0
1213,-218.538927,306.4599442,0
1214,-244.7687072,285.9462186,0
1215,-269.0828405,263.1945763,0
1216,-291.2910356,238.3830795,0
1217,-311.2194835,211.7059119,0
1218,-328.7122169,183.3718585,0
1219,-343.6323315,153.6026716,0
1220,-355.8630572,122.6313357,0
1221,-365.3086721,90.7002432,0
1222,-371.8952512,58.05929837,0
1223,-375.5712458,24.9639608,0
1224,-376.3078861,-8.326753604,0
1225,-374.0994071,-41.55229987,0
1226,-368.9630929,-74.45264306,0
1227,-360.9391423,-106.7702934,0
1228,-350.0903535,-138.2523214,0
1229,-336.5016331,-168.6523375,0
1230,-320.2793311,-197.7324204,0
1231,-301.5504091,-225.2649791,0
1232,-280.4614463,-251.0345338,0
1233,-257.1774924,-274.839403,0
1234,-231.8807759,-296.4932812,0
1235,-204.769278,-315.8266974,0
1236,-176.0551828,-332.6883416,0
1237,-145.9632171,-346.9462484,0
1238,-114.7288913,-358.4888304,0
1239,-82.59665646,-367.2257512,0
1240,-49.81799075,-373.0886326,0
1241,-16.64943171,-376.0315897,0
1242,34.80408519,-392.2589905,0
1243,69.33578123,-387.6480226,0
1244,103.3248308,-380.0031833,0
1245,136.5052234,-369.3843039,0
1246,168.6172776,-355.8744915,0
1247,199.409673,-339.5794787,0
1248,228.6414173,-320.626796,0
1249,256.0837325,-299.1647739,0
1250,281.5218453,-275.3613819,0
1251,304.756668,-249.4029136,0
1252,325.6063565,-221.4925295,0
1253,343.9077338,-191.848666,0
1254,359.5175668,-160.7033265,0
1255,372.3136874,-128.3002656,0
1256,382.1959486,-94.89308123,0
1257,389.0870083,-60.7432298,0
1258,392.9329346,-26.11798024,0
1259,393.703628,8.711677921,0
1260,391.3930566,43.47315539,0
1261,386.0193039,77.89439648,0
1262,377.6244268,111.7060083,0
1263,366.2741265,144.6433692,0
1264,352.0572346,176.4486995,0
1265,335.0850175,206.8730796,0
1266,315.4903058,235.6783973,0
1267,293.4264547,262.639212,0
1268,269.0661437,287.5445188,0
1269,242.6000254,310.1993999,0
1270,214.2352329,330.4265501,0
1271,184.1937593,348.0676645,0
1272,152.7107197,362.9846775,0
1273,120.0325117,375.0608432,0
1274,86.41488659,384.2016494,0
1275,52.12094781,390.3355567,0
1276,17.41909194,393.414559,0
1277,-17.41909194,393.414559,0
1278,-52.12094781,390.3355567,0
1279,-86.41488659,384.2016494,0
1280,-120.0325117,375.0608432,0
1281,-152.7107197,362.9846775,0
1282,-184.1937593,348.0676645,0
1283,-214.2352329,330.4265501,0
1284,-242.6000254,310.1993999,0
1285,-269.0661437,287.5445188,0
1286,-293.4264547,262.639212,0
1287,-315.4903058,235.6783973,0
1288,-335.0850175,206.8730796,0
1289,-352.0572346,176.4486995,0
1290,-366.2741265,144.6433692,0
1291,-377.6244268,111.7060083,0
1292,-386.0193039,77.89439648,0
1293,-391.3930566,43.47315539,0
1294,-393.703628,8.711677921,0
1295,-392.9329346,-26.11798024,0
1296,-389.0870083,-60.7432298,0
1297,-382.1959486,-94.89308123,0
1298,-372.3136874,-128.3002656,0
1299,-359.5175668,-160.7033265,0
1300,-343.9077338,-191.848666,0
1301,-325.6063565,-221.4925295,0
1302,-304.756668,-249.4029136,0
1303,-281.5218453,-275.3613819,0
1304,-256.0837325,-299.1647739,0
1305,-228.6414173,-320.626796,0
1306,-199.409673,-339.5794787,0
1307,-168.6172776,-355.8744915,0
1308,-136.5052234,-369.3843039,0
1309,-103.3248308,-380.0031833,0
1310,-69.33578123,-387.6480226,0
1311,-34.80408519,-392.2589905,0
1312,18.19759884,-410.9973326,0
1313,54.45037564,-407.7807212,0
1314,90.27700443,-401.3726728,0
1315,125.3970933,-391.823339,0
1316,159.5357798,-379.2074564,0
1317,192.4258826,-363.6237612,0
1318,223.8099919,-345.1942171,0
1319,253.4424846,-324.0630602,0
1320,281.0914462,-300.3956705,0
1321,306.5404862,-274.3772774,0
1322,329.5904312,-246.2115101,0
1323,350.0608842,-216.1188038,0
1324,367.7916361,-184.3346749,0
1325,382.6439199,-151.1078773,0
1326,394.5014961,-116.6984556,0
1327,403.2715633,-81.37571029,0
1328,408.8854837,-45.41608971,0
1329,411.2993208,-9.101026655,0
1330,410.4941831,27.28526428,0
1331,406.4763718,63.45801102,0
1332,399.2773318,99.13411279,0
1333,388.9534053,134.0343557,0
1334,375.585391,167.8855981,0
1335,359.2779119,200.422908,0
1336,340.1585959,231.3916369,0
1337,318.3770777,260.5494126,0
1338,294.1038272,287.6680358,0
1339,267.5288155,312.5352666,0
1340,238.8600281,334.9564852,0
1341,208.3218371,354.7562151,0
1342,176.1532453,371.7794967,0
1343,142.6060155,385.8930996,0
1344,107.9427003,396.9865658,0
1345,72.43458709,404.9730739,0
1346,36.35957503,409.7901186,0
1347,5.04E-14,411.4,0
1348,-36.35957503,409.7901186,0
1349,-72.43458709,404.9730739,0
1350,-107.9427003,396.9865658,0
1351,-142.6060155,385.8930996,0
1352,-176.1532453,371.7794967,0
1353,-208.3218371,354.7562151,0
1354,-238.8600281,334.9564852,0
1355,-267.5288155,312.5352666,0
1356,-294.1038272,287.6680358,0
1357,-318.3770777,260.5494126,0
1358,-340.1585959,231.3916369,0
1359,-359.2779119,200.422908,0
1360,-375.585391,167.8855981,0
1361,-388.9534053,134.0343557,0
1362,-399.2773318,99.13411279,0
1363,-406.4763718,63.45801102,0
1364,-410.4941831,27.28526428,0
1365,-411.2993208,-9.101026655,0
1366,-408.8854837,-45.41608971,0
1367,-403.2715633,-81.37571029,0
1368,-394.5014961,-116.6984556,0
1369,-382.6439199,-151.1078773,0
1370,-367.7916361,-184.3346749,0
1371,-350.0608842,-216.1188038,0
1372,-329.5904312,-246.2115101,0
1373,-306.5404862,-274.3772774,0
1374,-281.0914462,-300.3956705,0
1375,-253.4424846,-324.0630602,0
1376,-223.8099919,-345.1942171,0
1377,-192.4258826,-363.6237612,0
1378,-159.5357798,-379.2074564,0
1379,-125.3970933,-391.823339,0
1380,-90.27700443,-401.3726728,0
1381,-54.45037564,-407.7807212,0
1382,-18.19759884,-410.9973326,0
1383,38.021121,-428.5165509,0
1384,75.74467517,-423.4793787,0
1385,112.8754246,-415.1279062,0
1386,149.1227707,-403.527495,0
1387,184.203029,-388.7689341,0
1388,217.8416488,-370.9677291,0
1389,249.7753624,-350.2631987,0
1390,279.7542451,-326.8173838,0
1391,307.5436715,-300.8137798,0
1392,332.9261517,-272.4559001,0
1393,355.7030334,-241.9656835,0
1394,375.6960566,-209.5817575,0
1395,392.7487487,-175.55757,0
1396,406.7276494,-140.1594065,0
1397,417.5233547,-103.6643056,0
1398,425.0513737,-66.35789096,0
1399,429.2527894,-28.53213586,0
1400,430.09472,9.516921893,0
1401,427.5705763,47.49149683,0
1402,421.7001131,85.09438641,0
1403,412.5292748,122.031297,0
1404,400.1298355,158.0131473,0
1405,384.5988378,192.7583305,0
1406,366.0578327,225.9949183,0
1407,344.6519288,257.4627896,0
1408,320.5486562,286.9156654,0
1409,293.9366557,314.1230371,0
1410,265.0242024,338.8719701,0
1411,234.0375754,360.9687705,0
1412,201.219287,380.2405009,0
1413,166.8261849,396.5363338,0
1414,131.1274417,409.7287323,0
1415,94.40244848,419.7144478,0
1416,56.9386281,426.4153288,0
1417,19.02918576,429.7789316,0
1418,-19.02918576,429.7789316,0
1419,-56.9386281,426.4153288,0
1420,-94.40244848,419.7144478,0
1421,-131.1274417,409.7287323,0
1422,-166.8261849,396.5363338,0
1423,-201.219287,380.2405009,0
1424,-234.0375754,360.9687705,0
1425,-265.0242024,338.8719701,0
1426,-293.9366557,314.1230371,0
1427,-320.5486562,286.9156654,0
1428,-344.6519288,257.4627896,0
1429,-366.0578327,225.9949183,0
1430,-384.5988378,192.7583305,0
1431,-400.1298355,158.0131473,0
1432,-412.5292748,122.031297,0
1433,-421.7001131,85.09438641,0
1434,-427.5705763,47.49149683,0
1435,-430.09472,9.516921893,0
1436,-429.2527894,-28.53213586,0
1437,-425.0513737,-66.35789096,0
1438,-417.5233547,-103.6643056,0
1439,-406.7276494,-140.1594065,0
1440,-392.7487487,-175.55757,0
1441,-375.6960566,-209.5817575,0
1442,-355.7030334,-241.9656835,0
1443,-332.9261517,-272.4559001,0
1444,-307.5436715,-300.8137798,0
1445,-279.7542451,-326.8173838,0
1446,-249.7753624,-350.2631987,0
1447,-217.8416488,-370.9677291,0
1448,-184.203029,-388.7689341,0
1449,-149.1227707,-403.527495,0
1450,-112.8754246,-415.1279062,0
1451,-75.74467517,-423.4793787,0
1452,-38.021121,-428.5165509,0
1453,19.85634935,-448.4606286,0
1454,59.41364518,-444.9508161,0
1455,98.50594868,-437.9586602,0
1456,136.8273096,-427.538884,0
1457,174.0778113,-413.7730364,0
1458,209.965918,-396.7688537,0
1459,244.2107568,-376.6594168,0
1460,276.5443154,-353.6021092,0
1461,306.7135396,-327.7773857,0
1462,334.4823146,-299.3873598,0
1463,359.633312,-268.6542218,0
1464,381.9696911,-235.8185003,0
1465,401.3166394,-201.1371793,0
1466,417.522741,-164.8816872,0
1467,430.461161,-127.3357723,0
1468,440.0306387,-88.79328233,0
1469,446.1562801,-49.55586454,0
1470,448.7901437,-9.930604923,0
1471,447.9116159,29.77237514,0
1472,443.5275724,69.24234601,0
1473,435.6723244,108.1704016,0
1474,424.4073496,146.2518772,0
1475,409.8208119,183.1887335,0
1476,392.0268708,218.6918897,0
1477,371.1647878,252.4834852,0
1478,347.3978371,284.2990552,0
1479,320.9120273,313.8895996,0
1480,291.9146458,341.0235323,0
1481,260.6326364,365.4884934,0
1482,227.3108233,387.0930116,0
1483,192.2099947,405.6680021,0
1484,155.6048623,421.0680905,0
1485,117.7819109,433.1727501,0
1486,79.0371564,441.8872457,0
1487,39.67382895,447.1433744,0
1488,5.50E-14,448.9,0
1489,-39.67382895,447.1433744,0
1490,-79.0371564,441.8872457,0
1491,-117.7819109,433.1727501,0
1492,-155.6048623,421.0680905,0
1493,-192.2099947,405.6680021,0
1494,-227.3108233,387.0930116,0
1495,-260.6326364,365.4884934,0
1496,-291.9146458,341.0235323,0
1497,-320.9120273,313.8895996,0
1498,-347.3978371,284.2990552,0
1499,-371.1647878,252.4834852,0
1500,-392.0268708,218.6918897,0
1501,-409.8208119,183.1887335,0
1502,-424.4073496,146.2518772,0
1503,-435.6723244,108.1704016,0
1504,-443.5275724,69.24234601,0
1505,-447.9116159,29.77237514,0
1506,-448.7901437,-9.930604923,0
1507,-446.1562801,-49.55586454,0
1508,-440.0306387,-88.79328233,0
1509,-430.461161,-127.3357723,0
1510,-417.522741,-164.8816872,0
1511,-401.3166394,-201.1371793,0
1512,-381.9696911,-235.8185003,0
1513,-359.633312,-268.6542218,0
1514,-334.4823146,-299.3873598,0
1515,-306.7135396,-327.7773857,0
1516,-276.5443154,-353.6021092,0
1517,-244.2107568,-376.6594168,0
1518,-209.965918,-396.7688537,0
1519,-174.0778113,-413.7730364,0
1520,-136.8273096,-427.538884,0
1521,-98.50594868,-437.9586602,0
1522,-59.41364518,-444.9508161,0
1523,-19.85634935,-448.4606286,0
1524,41.52097314,-467.961589,0
1525,82.71698837,-462.4607441,0
1526,123.265631,-453.3405168,0
1527,162.849553,-440.6722854,0
1528,201.1589564,-424.5551958,0
1529,237.8940182,-405.1153862,0
1530,272.7672368,-382.5049994,0
1531,305.5056819,-356.9009923,0
1532,335.8531308,-328.5037511,0
1533,363.5720737,-297.5355227,0
1534,388.4455721,-264.2386753,0
1535,410.2789572,-228.8738021,0
1536,428.9013532,-191.717681,0
1537,444.1670146,-153.0611092,0
1538,455.9564669,-113.2066266,0
1539,464.1774416,-72.46614871,0
1540,468.7655985,-31.15852493,0
1541,469.685029,10.39295654,0
1542,466.9285373,51.86309905,0
1543,460.5176967,92.92734248,0
1544,450.5026808,133.2643035,0
1545,436.9618706,172.5582906,0
1546,420.0012413,210.5017751,0
1547,399.7535328,246.7977979,0
1548,376.3772109,281.1622932,0
1549,350.055227,313.3263124,0
1550,320.9935864,343.0381284,0
1551,289.4197357,370.0652059,0
1552,255.5807832,394.1960214,0
1553,219.7415645,415.2417186,0
1554,182.1825701,433.0375863,0
1555,143.1977501,447.4443478,0
1556,103.0922136,458.3492506,0
1557,62.17984073,465.666949,0
1558,20.78082629,469.3401722,0
1559,-20.78082629,469.3401722,0
1560,-62.17984073,465.666949,0
1561,-103.0922136,458.3492506,0
1562,-143.1977501,447.4443478,0
1563,-182.1825701,433.0375863,0
1564,-219.7415645,415.2417186,0
1565,-255.5807832,394.1960214,0
1566,-289.4197357,370.0652059,0
1567,-320.9935864,343.0381284,0
1568,-350.055227,313.3263124,0
1569,-376.3772109,281.1622932,0
1570,-399.7535328,246.7977979,0
1571,-420.0012413,210.5017751,0
1572,-436.9618706,172.5582906,0
1573,-450.5026808,133.2643035,0
1574,-460.5176967,92.92734248,0
1575,-466.9285373,51.86309905,0
1576,-469.685029,10.39295654,0
1577,-468.7655985,-31.15852493,0
1578,-464.1774416,-72.46614871,0
1579,-455.9564669,-113.2066266,0
1580,-444.1670146,-153.0611092,0
1581,-428.9013532,-191.717681,0
1582,-410.2789572,-228.8738021,0
1583,-388.4455721,-264.2386753,0
1584,-363.5720737,-297.5355227,0
1585,-335.8531308,-328.5037511,0
1586,-305.5056819,-356.9009923,0
1587,-272.7672368,-382.5049994,0
1588,-237.8940182,-405.1153862,0
1589,-201.1589564,-424.5551958,0
1590,-162.849553,-440.6722854,0
1591,-123.265631,-453.3405168,0
1592,-82.71698837,-462.4607441,0
1593,-41.52097314,-467.961589,0
1594,21.67876323,-489.6203031,0
1595,64.86662397,-485.7883604,0
1596,107.5468154,-478.1544651,0
1597,149.3853073,-466.7783628,0
1598,190.0546565,-451.7490869,0
1599,229.2365704,-433.184262,0
1600,266.6243973,-411.2291828,0
1601,301.9255267,-386.0556777,0
1602,334.8636796,-357.8607635,0
1603,365.1810702,-326.8651037,0
1604,392.6404237,-293.3112812,0
1605,417.0268336,-257.4619002,0
1606,438.1494431,-219.5975308,0
1607,455.8429391,-180.014513,0
1608,469.968846,-139.0226376,0
1609,480.4166096,-96.94272148,0
1610,487.1044618,-54.10409715,0
1611,489.9800611,-10.84203491,0
1612,489.0209021,32.50488095,0
1613,484.2344915,75.59740205,0
1614,475.6582895,118.098271,0
1615,463.3594165,159.6748608,0
1616,447.4341277,200.0017784,0
1617,428.0070603,238.7634108,0
1618,405.2302573,275.6563959,0
1619,379.2819781,310.3919959,0
1620,350.3653032,342.6983577,0
1621,318.7065447,372.3226402,0
1622,284.5534754,399.0329932,0
1623,248.1733893,422.620372,0
1624,209.85101,442.9001734,0
1625,169.886262,459.7136804,0
1626,128.5919237,472.9293046,0
1627,86.29117922,482.4436158,0
1628,43.31508926,488.1821515,0
1629,6.00E-14,490.1,0
1630,-43.31508926,488.1821515,0
1631,-86.29117922,482.4436158,0
1632,-128.5919237,472.9293046,0
1633,-169.886262,459.7136804,0
1634,-209.85101,442.9001734,0
1635,-248.1733893,422.620372,0
1636,-284.5534754,399.0329932,0
1637,-318.7065447,372.3226402,0
1638,-350.3653032,342.6983577,0
1639,-379.2819781,310.3919959,0
1640,-405.2302573,275.6563959,0
1641,-428.0070603,238.7634108,0
1642,-447.4341277,200.0017784,0
1643,-463.3594165,159.6748608,0
1644,-475.6582895,118.098271,0
1645,-484.2344915,75.59740205,0
1646,-489.0209021,32.50488095,0
1647,-489.9800611,-10.84203491,0
1648,-487.1044618,-54.10409715,0
1649,-480.4166096,-96.94272148,0
1650,-469.968846,-139.0226376,0
1651,-455.8429391,-180.014513,0
1652,-438.1494431,-219.5975308,0
1653,-417.0268336,-257.4619002,0
1654,-392.6404237,-293.3112812,0
1655,-365.1810702,-326.8651037,0
1656,-334.8636796,-357.8607635,0
1657,-301.9255267,-386.0556777,0
1658,-266.6243973,-411.2291828,0
1659,-229.2365704,-433.184262,0
1660,-190.0546565,-451.7490869,0
1661,-149.3853073,-466.7783628,0
1662,-107.5468154,-478.1544651,0
1663,-64.86662397,-485.7883604,0
1664,-21.67876323,-489.6203031,0
1665,45.26828957,-510.1956703,0
1666,90.18229341,-504.1983677,0
1667,134.3904985,-494.2550292,0
1668,177.5469158,-480.443475,0
1669,219.3137877,-462.8717992,0
1670,259.3642318,-441.677524,0
1671,297.3847992,-417.0265234,0
1672,333.0779273,-389.1117247,0
1673,366.1642691,-358.1515993,0
1674,396.3848789,-324.3884519,0
1675,423.5032397,-288.0865251,0
1676,447.3071134,-249.5299307,0
1677,467.6102024,-209.0204262,0
1678,484.2536077,-166.8750535,0
1679,497.1070718,-123.4236572,0
1680,506.0699991,-79.00630346,0
1681,511.0722425,-33.97061829,0
1682,512.0746527,11.33093304,0
1683,509.0693844,56.54380445,0
1684,502.079958,101.3141439,0
1685,491.1610752,145.2915629,0
1686,476.398191,188.1318783,0
1687,457.906845,229.4998068,0
1688,435.8317571,269.071588,0
1689,410.3456948,306.5375193,0
1690,381.6481211,341.6043789,0
1691,349.9636333,373.997721,0
1692,315.5402057,403.4640239,0
1693,278.6472481,429.7726738,0
1694,239.5734979,452.7177698,0
1695,198.6247604,472.1197354,0
1696,156.1215147,487.826724,0
1697,112.3964066,499.715807,0
1698,67.79164415,507.6939363,0
1699,22.65632019,511.6986722,0
1700,-22.65632019,511.6986722,0
1701,-67.79164415,507.6939363,0
1702,-112.3964066,499.715807,0
1703,-156.1215147,487.826724,0
1704,-198.6247604,472.1197354,0
1705,-239.5734979,452.7177698,0
1706,-278.6472481,429.7726738,0
1707,-315.5402057,403.4640239,0
1708,-349.9636333,373.997721,0
1709,-381.6481211,341.6043789,0
1710,-410.3456948,306.5375193,0
1711,-435.8317571,269.071588,0
1712,-457.906845,229.4998068,0
1713,-476.398191,188.1318783,0
1714,-491.1610752,145.2915629,0
1715,-502.079958,101.3141439,0
1716,-509.0693844,56.54380445,0
1717,-512.0746527,11.33093304,0
1718,-511.0722425,-33.97061829,0
1719,-506.0699991,-79.00630346,0
1720,-497.1070718,-123.4236572,0
1721,-484.2536077,-166.8750535,0
1722,-467.6102024,-209.0204262,0
1723,-447.3071134,-249.5299307,0
1724,-423.5032397,-288.0865251,0
1725,-396.3848789,-324.3884519,0
1726,-366.1642691,-358.1515993,0
1727,-333.0779273,-389.1117247,0
1728,-297.3847992,-417.0265234,0
1729,-259.3642318,-441.677524,0
1730,-219.3137877,-462.8717992,0
1731,-177.5469158,-480.443475,0
1732,-134.3904985,-494.2550292,0
1733,-90.18229341,-504.1983677,0
1734,-45.26828957,-510.1956703,0
1735,23.63830049,-533.8769435,0
1736,70.72989972,-529.6986325,0
1737,117.2679416,-521.3747116,0
1738,162.8882028,-508.9703266,0
1739,207.233643,-492.5825588,0
1740,249.9571989,-472.3396645,0
1741,290.7245009,-448.400072,0
1742,329.2164895,-420.9511409,0
1743,365.1319126,-390.2076965,0
1744,398.1896835,-356.4103477,0
1745,428.1310803,-319.8236047,0
1746,454.7217708,-280.7338084,0
1747,477.753647,-239.4468894,0
1748,497.0464531,-196.2859738,0
1749,512.4491967,-151.5888543,0
1750,523.8413307,-105.7053466,0
1751,531.1336959,-58.99455115,0
1752,534.2692199,-11.82204337,0
1753,533.2233628,35.44298792,0
1754,528.0043099,82.43062978,0
1755,518.6529074,128.7731402,0
1756,505.2423427,174.1078262,0
1757,487.8775716,218.0798824,0
1758,466.6944971,260.3451678,0
1759,441.8589053,300.5728993,0
1760,413.5651685,338.4482403,0
1761,382.0347235,373.674765,0
1762,347.5143389,405.976778,0
1763,310.2741833,435.1014723,0
1764,270.6057116,460.8209076,0
1765,228.8193833,482.9337944,0
1766,185.2422331,501.2670696,0
1767,140.2153112,515.6772503,0
1768,94.09101444,526.0515574,0
1769,47.2303279,532.3087977,0
1770,6.54E-14,534.4,0
1771,-47.2303279,532.3087977,0
1772,-94.09101444,526.0515574,0
1773,-140.2153112,515.6772503,0
1774,-185.2422331,501.2670696,0
1775,-228.8193833,482.9337944,0
1776,-270.6057116,460.8209076,0
1777,-310.2741833,435.1014723,0
1778,-347.5143389,405.976778,0
1779,-382.0347235,373.674765,0
1780,-413.5651685,338.4482403,0
1781,-441.8589053,300.5728993,0
1782,-466.6944971,260.3451678,0
1783,-487.8775716,218.0798824,0
1784,-505.2423427,174.1078262,0
1785,-518.6529074,128.7731402,0
1786,-528.0043099,82.43062978,0
1787,-533.2233628,35.44298792,0
1788,-534.2692199,-11.82204337,0
1789,-531.1336959,-58.99455115,0
1790,-523.8413307,-105.7053466,0
1791,-512.4491967,-151.5888543,0
1792,-497.0464531,-196.2859738,0
1793,-477.753647,-239.4468894,0
1794,-454.7217708,-280.7338084,0
1795,-428.1310803,-319.8236047,0
1796,-398.1896835,-356.4103477,0
1797,-365.1319126,-390.2076965,0
1798,-329.2164895,-420.9511409,0
1799,-290.7245009,-448.400072,0
1800,-249.9571989,-472.3396645,0
1801,-207.233643,-492.5825588,0
1802,-162.8882028,-508.9703266,0
1803,-117.2679416,-521.3747116,0
1804,-70.72989972,-529.6986325,0
1805,-23.63830049,-533.8769435,0
1806,182.0899402,-528.4055863,0
1807,205.2848629,-519.8339495,0
1808,228.0779309,-510.2447133,0
1809,250.4245256,-499.6566491,0
1810,272.2809025,-488.0904836,0
1811,293.6042768,-475.568858,0
1812,314.3529069,-462.116284,0
1813,334.4861764,-447.7590957,0
1814,353.9646735,-432.525398,0
1815,372.7502682,-416.4450115,0
1816,390.8061867,-399.5494143,0
1817,408.0970837,-381.8716803,0
1818,424.5891116,-363.4464147,0
1819,440.2499863,-344.3096856,0
1820,455.049051,-324.4989541,0
1821,468.9573358,-304.0530007,0
1822,481.9476146,-283.0118492,0
1823,493.9944583,-261.4166888,0
1824,505.0742847,-239.3097929,0
1825,515.1654044,-216.7344369,0
1826,524.2480636,-193.734813,0
1827,532.3044827,-170.3559441,0
1828,539.3188907,-146.6435955,0
1829,545.2775567,-122.6441852,0
1830,550.1688163,-98.40469306,0
1831,553.9830945,-73.97256915,0
1832,556.7129249,-49.39564046,0
1833,558.3529635,-24.72201748,0
1834,558.9,-3.42E-14,0
1835,558.3529635,24.72201748,0
1836,556.7129249,49.39564046,0
1837,553.9830945,73.97256915,0
1838,550.1688163,98.40469306,0
1839,545.2775567,122.6441852,0
1840,539.3188907,146.6435955,0
1841,532.3044827,170.3559441,0
1842,524.2480636,193.734813,0
1843,515.1654044,216.7344369,0
1844,505.0742847,239.3097929,0
1845,493.9944583,261.4166888,0
1846,481.9476146,283.0118492,0
1847,468.9573358,304.0530007,0
1848,455.049051,324.4989541,0
1849,440.2499863,344.3096856,0
1850,424.5891116,363.4464147,0
1851,408.0970837,381.8716803,0
1852,390.8061867,399.5494143,0
1853,372.7502682,416.4450115,0
1854,353.9646735,432.525398,0
1855,334.4861764,447.7590957,0
1856,314.3529069,462.116284,0
1857,293.6042768,475.568858,0
1858,272.2809025,488.0904836,0
1859,250.4245256,499.6566491,0
1860,228.0779309,510.2447133,0
1861,205.2848629,519.8339495,0
1862,182.0899402,528.4055863,0
1863,158.5385679,535.9428444,0
1864,134.6768489,542.4309692,0
1865,110.5514936,547.8572599,0
1866,86.20972863,552.2110943,0
1867,61.69920404,555.4839496,0
1868,37.06790035,557.6694189,0
1869,12.36403451,558.7632241,0
1870,-12.36403451,558.7632241,0
1871,-37.06790035,557.6694189,0
1872,-61.69920404,555.4839496,0
1873,-86.20972863,552.2110943,0
1874,-110.5514936,547.8572599,0
1875,-134.6768489,542.4309692,0
1876,-158.5385679,535.9428444,0
1877,-182.0899402,528.4055863,0
1878,-205.2848629,519.8339495,0
1879,-228.0779309,510.2447133,0
1880,-250.4245256,499.6566491,0
1881,-272.2809025,488.0904836,0
1882,-293.6042768,475.568858,0
1883,-314.3529069,462.116284,0
1884,-334.4861764,447.7590957,0
1885,-353.9646735,432.525398,0
1886,-372.7502682,416.4450115,0
1887,-390.8061867,399.5494143,0
1888,-408.0970837,381.8716803,0
1889,-424.5891116,363.4464147,0
1890,-440.2499863,344.3096856,0
1891,-455.049051,324.4989541,0
1892,-468.9573358,304.0530007,0
1893,-481.9476146,283.0118492,0
1894,-493.9944583,261.4166888,0
1895,-505.0742847,239.3097929,0
1896,-515.1654044,216.7344369,0
1897,-524.2480636,193.734813,0
1898,-532.3044827,170.3559441,0
1899,-539.3188907,146.6435955,0
1900,-545.2775567,122.6441852,0
1901,-550.1688163,98.40469306,0
1902,-553.9830945,73.97256915,0
1903,-556.7129249,49.39564046,0
1904,-558.3529635,24.72201748,0
1905,-558.9,1.03E-13,0
1906,-558.3529635,-24.72201748,0
1907,-556.7129249,-49.39564046,0
1908,-553.9830945,-73.97256915,0
1909,-550.1688163,-98.40469306,0
1910,-545.2775567,-122.6441852,0
1911,-539.3188907,-146.6435955,0
1912,-532.3044827,-170.3559441,0
1913,-524.2480636,-193.734813,0
1914,-515.1654044,-216.7344369,0
1915,-505.0742847,-239.3097929,0
1916,-493.9944583,-261.4166888,0
1917,-481.9476146,-283.0118492,0
1918,-468.9573358,-304.0530007,0
1919,-455.049051,-324.4989541,0
1920,-440.2499863,-344.3096856,0
1921,-424.5891116,-363.4464147,0
1922,-408.0970837,-381.8716803,0
1923,-390.8061867,-399.5494143,0
1924,-372.7502682,-416.4450115,0
1925,-353.9646735,-432.525398,0
1926,-334.4861764,-447.7590957,0
1927,-314.3529069,-462.116284,0
1928,-293.6042768,-475.568858,0
1929,-272.2809025,-488.0904836,0
1930,-250.4245256,-499.6566491,0
1931,-228.0779309,-510.2447133,0
1932,-205.2848629,-519.8339495,0
1933,-182.0899402,-528.4055863,0
1934,379.0533461,-442.8216016,0
1935,398.2698201,-425.6213815,0
1936,416.7066623,-407.5879875,0
1937,434.3277817,-388.7567209,0
1938,451.098684,-369.1644448,0
1939,466.9865394,-348.8495119,0
1940,481.9602468,-327.8516898,0
1941,495.9904944,-306.2120825,0
1942,509.0498173,-283.9730507,0
1943,521.1126512,-261.1781284,0
1944,532.1553827,-237.8719376,0
1945,542.156395,-214.1001013,0
1946,551.0961107,-189.909154,0
1947,558.9570299,-165.3464506,0
1948,565.7237645,-140.4600738,0
1949,571.3830682,-115.2987397,0
1950,575.9238627,-89.91170303,0
1951,579.3372593,-64.34865993,0
1952,581.6165759,-38.65965131,0
1953,582.7573508,-12.8949646,0
1954,582.7573508,12.8949646,0
1955,581.6165759,38.65965131,0
1956,579.3372593,64.34865993,0
1957,575.9238627,89.91170303,0
1958,571.3830682,115.2987397,0
1959,565.7237645,140.4600738,0
1960,558.9570299,165.3464506,0
1961,551.0961107,189.909154,0
1962,542.156395,214.1001013,0
1963,532.1553827,237.8719376,0
1964,521.1126512,261.1781284,0
1965,509.0498173,283.9730507,0
1966,495.9904944,306.2120825,0
1967,481.9602468,327.8516898,0
1968,466.9865394,348.8495119,0
1969,451.098684,369.1644448,0
1970,434.3277817,388.7567209,0
1971,416.7066623,407.5879875,0
1972,398.2698201,425.6213815,0
1973,379.0533461,442.8216016,0
1974,359.0948572,459.1549776,0
1975,338.4334234,474.5895363,0
1976,317.1094902,489.0950636,0
1977,295.1648003,502.6431643,0
1978,272.6423115,515.2073175,0
1979,249.5861125,526.7629281,0
1980,226.041337,537.2873756,0
1981,202.054075,546.7600578,0
1982,177.6712826,555.1624315,0
1983,152.9406903,562.4780487,0
1984,127.9107095,568.6925887,0
1985,102.6303374,573.7938862,0
1986,77.14906165,577.7719553,0
1987,51.51676297,580.6190086,0
1988,25.78361781,582.3294729,0
1989,7.14E-14,582.9,0
1990,-25.78361781,582.3294729,0
1991,-51.51676297,580.6190086,0
1992,-77.14906165,577.7719553,0
1993,-102.6303374,573.7938862,0
1994,-127.9107095,568.6925887,0
1995,-152.9406903,562.4780487,0
1996,-177.6712826,555.1624315,0
1997,-202.054075,546.7600578,0
1998,-226.041337,537.2873756,0
1999,-249.5861125,526.7629281,0
2000,-272.6423115,515.2073175,0
2001,-295.1648003,502.6431643,0
2002,-317.1094902,489.0950636,0
2003,-338.4334234,474.5895363,0
2004,-359.0948572,459.1549776,0
2005,-379.0533461,442.8216016,0
2006,-398.2698201,425.6213815,0
2007,-416.7066623,407.5879875,0
2008,-434.3277817,388.7567209,0
2009,-451.098684,369.1644448,0
2010,-466.9865394,348.8495119,0
2011,-481.9602468,327.8516898,0
2012,-495.9904944,306.2120825,0
2013,-509.0498173,283.9730507,0
2014,-521.1126512,261.1781284,0
2015,-532.1553827,237.8719376,0
2016,-542.156395,214.1001013,0
2017,-551.0961107,189.909154,0
2018,-558.9570299,165.3464506,0
2019,-565.7237645,140.4600738,0
2020,-571.3830682,115.2987397,0
2021,-575.9238627,89.91170303,0
2022,-579.3372593,64.34865993,0
2023,-581.6165759,38.65965131,0
2024,-582.7573508,12.8949646,0
2025,-582.7573508,-12.8949646,0
2026,-581.6165759,-38.65965131,0
2027,-579.3372593,-64.34865993,0
2028,-575.9238627,-89.91170303,0
2029,-571.3830682,-115.2987397,0
2030,-565.7237645,-140.4600738,0
2031,-558.9570299,-165.3464506,0
2032,-551.0961107,-189.909154,0
2033,-542.156395,-214.1001013,0
2034,-532.1553827,-237.8719376,0
2035,-521.1126512,-261.1781284,0
2036,-509.0498173,-283.9730507,0
2037,-495.9904944,-306.2120825,0
2038,-481.9602468,-327.8516898,0
2039,-466.9865394,-348.8495119,0
2040,-451.098684,-369.1644448,0
2041,-434.3277817,-388.7567209,0
2042,-416.7066623,-407.5879875,0
2043,-398.2698201,-425.6213815,0
2044,-379.0533461,-442.8216016,0
2045,496.3283261,-353.9355205,0
2046,511.4982857,-331.6348349,0
2047,525.6669634,-308.6849585,0
2048,538.8066233,-285.1308168,0
2049,550.891544,-261.0185181,0
2050,561.8980685,-236.3952634,0
2051,571.8046513,-211.3092539,0
2052,580.5918995,-185.8095966,0
2053,588.2426119,-159.9462083,0
2054,594.7418117,-133.7697178,0
2055,600.0767765,-107.3313668,0
2056,604.2370628,-80.68290956,0
2057,607.2145267,-53.87651176,0
2058,609.0033397,-26.96464816,0
2059,609.6,-3.73E-14,0
2060,609.0033397,26.96464816,0
2061,607.2145267,53.87651176,0
2062,604.2370628,80.68290956,0
2063,600.0767765,107.3313668,0
2064,594.7418117,133.7697178,0
2065,588.2426119,159.9462083,0
2066,580.5918995,185.8095966,0
2067,571.8046513,211.3092539,0
2068,561.8980685,236.3952634,0
2069,550.891544,261.0185181,0
2070,538.8066233,285.1308168,0
2071,525.6669634,308.6849585,0
2072,511.4982857,331.6348349,0
2073,496.3283261,353.9355205,0
2074,480.1867805,375.5433607,0
2075,463.1052468,396.4160572,0
2076,445.1171627,416.5127506,0
2077,426.2577409,435.7941008,0
2078,406.5638996,454.2223635,0
2079,386.0741903,471.7614647,0
2080,364.8287227,488.3770706,0
2081,342.8690857,504.0366555,0
2082,320.2382664,518.7095649,0
2083,296.9805657,532.367076,0
2084,273.1415115,544.9824536,0
2085,248.76777,556.5310024,0
2086,223.9070539,566.9901156,0
2087,198.6080293,576.3393191,0
2088,172.9202201,584.5603113,0
2089,146.8939114,591.6369992,0
2090,120.580051,597.5555299,0
2091,94.03014954,602.3043176,0
2092,67.29617961,605.8740663,0
2093,40.43047424,608.2577881,0
2094,13.48562433,609.4508167,0
2095,-13.48562433,609.4508167,0
2096,-40.43047424,608.2577881,0
2097,-67.29617961,605.8740663,0
2098,-94.03014954,602.3043176,0
2099,-120.580051,597.5555299,0
2100,-146.8939114,591.6369992,0
2101,-172.9202201,584.5603113,0
2102,-198.6080293,576.3393191,0
2103,-223.9070539,566.9901156,0
2104,-248.76777,556.5310024,0
2105,-273.1415115,544.9824536,0
2106,-296.9805657,532.367076,0
2107,-320.2382664,518.7095649,0
2108,-342.8690857,504.0366555,0
2109,-364.8287227,488.3770706,0
2110,-386.0741903,471.7614647,0
2111,-406.5638996,454.2223635,0
2112,-426.2577409,435.7941008,0
2113,-445.1171627,416.5127506,0
2114,-463.1052468,396.4160572,0
2115,-480.1867805,375.5433607,0
2116,-496.3283261,353.9355205,0
2117,-511.4982857,331.6348349,0
2118,-525.6669634,308.6849585,0
2119,-538.8066233,285.1308168,0
2120,-550.891544,261.0185181,0
2121,-561.8980685,236.3952634,0
2122,-571.8046513,211.3092539,0
2123,-580.5918995,185.8095966,0
2124,-588.2426119,159.9462083,0
2125,-594.7418117,133.7697178,0
2126,-600.0767765,107.3313668,0
2127,-604.2370628,80.68290956,0
2128,-607.2145267,53.87651176,0
2129,-609.0033397,26.96464816,0
2130,-609.6,1.12E-13,0
2131,-609.0033397,-26.96464816,0
2132,-607.2145267,-53.87651176,0
2133,-604.2370628,-80.68290956,0
2134,-600.0767765,-107.3313668,0
2135,-594.7418117,-133.7697178,0
2136,-588.2426119,-159.9462083,0
2137,-580.5918995,-185.8095966,0
2138,-571.8046513,-211.3092539,0
2139,-561.8980685,-236.3952634,0
2140,-550.891544,-261.0185181,0
2141,-538.8066233,-285.1308168,0
2142,-525.6669634,-308.6849585,0
2143,-511.4982857,-331.6348349,0
2144,-496.3283261,-353.9355205,0
2145,580.7240331,-259.5819857,0
2146,591.6378158,-233.6405463,0
2147,601.3934397,-207.2417445,0
2148,609.9718077,-180.4372572,0
2149,617.3561273,-153.2795555,0
2150,623.5319432,-125.8218019,0
2151,628.487166,-98.11774626,0
2152,632.2120958,-70.22162048,0
2153,634.6994406,-42.18803259,0
2154,635.9443315,-14.07185964,0
2155,635.9443315,14.07185964,0
2156,634.6994406,42.18803259,0
2157,632.2120958,70.22162048,0
2158,628.487166,98.11774626,0
2159,623.5319432,125.8218019,0
2160,617.3561273,153.2795555,0
2161,609.9718077,180.4372572,0
2162,601.3934397,207.2417445,0
2163,591.6378158,233.6405463,0
2164,580.7240331,259.5819857,0
2165,568.6734559,285.0152813,0
2166,555.5096736,309.890646,0
2167,541.2584551,334.1593853,0
2168,525.9476977,357.7739919,0
2169,509.607373,380.688239,0
2170,492.269468,402.8572711,0
2171,473.9679223,424.2376912,0
2172,454.7385622,444.787646,0
2173,434.61903,464.4669081,0
2174,413.6487106,483.2369545,0
2175,391.8686545,501.0610418,0
2176,369.321497,517.9042786,0
2177,346.0513754,533.7336935,0
2178,322.103842,548.5182996,0
2179,297.5257752,562.2291553,0
2180,272.3652877,574.8394211,0
2181,246.6716323,586.3244117,0
2182,220.4951057,596.6616448,0
2183,193.8869495,605.8308847,0
2184,166.8992505,613.8141821,0
2185,139.5848384,620.5959095,0
2186,111.9971824,626.1627912,0
2187,84.1902867,630.5039299,0
2188,56.21858453,633.6108275,0
2189,28.13683185,635.4774022,0
2190,7.79E-14,636.1,0
2191,-28.13683185,635.4774022,0
2192,-56.21858453,633.6108275,0
2193,-84.1902867,630.5039299,0
2194,-111.9971824,626.1627912,0
2195,-139.5848384,620.5959095,0
2196,-166.8992505,613.8141821,0
2197,-193.8869495,605.8308847,0
2198,-220.4951057,596.6616448,0
2199,-246.6716323,586.3244117,0
2200,-272.3652877,574.8394211,0
2201,-297.5257752,562.2291553,0
2202,-322.103842,548.5182996,0
2203,-346.0513754,533.7336935,0
2204,-369.321497,517.9042786,0
2205,-391.8686545,501.0610418,0
2206,-413.6487106,483.2369545,0
2207,-434.61903,464.4669081,0
2208,-454.7385622,444.787646,0
2209,-473.9679223,424.2376912,0
2210,-492.269468,402.8572711,0
2211,-509.607373,380.688239,0
2212,-525.9476977,357.7739919,0
2213,-541.2584551,334.1593853,0
2214,-555.5096736,309.890646,0
2215,-568.6734559,285.0152813,0
2216,-580.7240331,259.5819857,0
2217,-591.6378158,233.6405463,0
2218,-601.3934397,207.2417445,0
2219,-609.9718077,180.4372572,0
2220,-617.3561273,153.2795555,0
2221,-623.5319432,125.8218019,0
2222,-628.487166,98.11774626,0
2223,-632.2120958,70.22162048,0
2224,-634.6994406,42.18803259,0
2225,-635.9443315,14.07185964,0
2226,-635.9443315,-14.07185964,0
2227,-634.6994406,-42.18803259,0
2228,-632.2120958,-70.22162048,0
2229,-628.487166,-98.11774626,0
2230,-623.5319432,-125.8218019,0
2231,-617.3561273,-153.2795555,0
2232,-609.9718077,-180.4372572,0
2233,-601.3934397,-207.2417445,0
2234,-591.6378158,-233.6405463,0
2235,-580.7240331,-259.5819857,0
2236,641.0261927,-174.2983369,0
2237,648.1085721,-145.7730045,0
2238,653.9222484,-116.9623145,0
2239,658.4558413,-87.92266539,0
2240,661.7004759,-58.71090348,0
2241,663.6498008,-29.38421223,0
2242,664.3,-4.07E-14,0
2243,663.6498008,29.38421223,0
2244,661.7004759,58.71090348,0
2245,658.4558413,87.92266539,0
2246,653.9222484,116.9623145,0
2247,648.1085721,145.7730045,0
2248,641.0261927,174.2983369,0
2249,632.6889745,202.4824722,0
2250,623.1132379,230.2702385,0
2251,612.3177279,257.60724,0
2252,600.3235772,284.4399632,0
2253,587.1542649,310.7158818,0
2254,572.8355705,336.3835596,0
2255,557.3955236,361.3927507,0
2256,540.8643488,385.6944985,0
2257,523.2744067,409.2412312,0
2258,504.6601303,431.986855,0
2259,485.057958,453.8868442,0
2260,464.506262,474.8983287,0
2261,443.0452731,494.9801773,0
2262,420.7170024,514.093079,0
2263,397.5651583,532.1996194,0
2264,373.6350618,549.264354,0
2265,348.9735571,565.2538779,0
2266,323.6289202,580.1368907,0
2267,297.6507646,593.8842584,0
2268,271.0899436,606.4690697,0
2269,243.9984513,617.8666893,0
2270,216.4293206,628.0548059,0
2271,188.4365193,637.0134757,0
2272,160.0748447,644.7251617,0
2273,131.3998161,651.1747679,0
2274,102.4675662,656.3496689,0
2275,73.33473115,660.2397346,0
2276,44.05833996,662.8373501,0
2277,14.6957025,664.1374303,0
2278,-14.6957025,664.1374303,0
2279,-44.05833996,662.8373501,0
2280,-73.33473115,660.2397346,0
2281,-102.4675662,656.3496689,0
2282,-131.3998161,651.1747679,0
2283,-160.0748447,644.7251617,0
2284,-188.4365193,637.0134757,0
2285,-216.4293206,628.0548059,0
2286,-243.9984513,617.8666893,0
2287,-271.0899436,606.4690697,0
2288,-297.6507646,593.8842584,0
2289,-323.6289202,580.1368907,0
2290,-348.9735571,565.2538779,0
2291,-373.6350618,549.264354,0
2292,-397.5651583,532.1996194,0
2293,-420.7170024,514.093079,0
2294,-443.0452731,494.9801773,0
2295,-464.506262,474.8983287,0
2296,-485.057958,453.8868442,0
2297,-504.6601303,431.986855,0
2298,-523.2744067,409.2412312,0
2299,-540.8643488,385.6944985,0
2300,-557.3955236,361.3927507,0
2301,-572.8355705,336.3835596,0
2302,-587.1542649,310.7158818,0
2303,-600.3235772,284.4399632,0
2304,-612.3177279,257.60724,0
2305,-623.1132379,230.2702385,0
2306,-632.6889745,202.4824722,0
2307,-641.0261927,174.2983369,0
2308,-648.1085721,145.7730045,0
2309,-653.9222484,116.9623145,0
2310,-658.4558413,87.92266539,0
2311,-661.7004759,58.71090348,0
2312,-663.6498008,29.38421223,0
2313,-664.3,1.22E-13,0
2314,-663.6498008,-29.38421223,0
2315,-661.7004759,-58.71090348,0
2316,-658.4558413,-87.92266539,0
2317,-653.9222484,-116.9623145,0
2318,-648.1085721,-145.7730045,0
2319,-641.0261927,-174.2983369,0
2320,690.8754798,-45.92201504,0
2321,692.2305536,-15.31733314,0
2322,692.2305536,15.31733314,0
2323,690.8754798,45.92201504,0
2324,688.1679848,76.43680243,0
2325,684.1133686,106.8019612,0
2326,678.7195684,136.9580501,0
2327,671.9971428,166.8460372,0
2328,663.9592512,196.4074153,0
2329,654.6216282,225.5843167,0
2330,644.0025526,254.3196262,0
2331,632.1228117,282.5570931,0
2332,619.0056608,310.2414412,0
2333,604.6767773,337.3184772,0
2334,589.1642105,363.7351963,0
2335,572.4983272,389.4398868,0
2336,554.7117514,414.3822303,0
2337,535.8393014,438.5134012,0
2338,515.9179208,461.7861616,0
2339,494.9866066,484.1549538,0
2340,473.0863329,505.5759899,0
2341,450.2599705,526.0073374,0
2342,426.5522031,545.4090007,0
2343,402.0094396,563.7430004,0
2344,376.6797239,580.9734466,0
2345,350.6126398,597.06661,0
2346,323.8592151,611.9909875,0
2347,296.4718207,625.7173639,0
2348,268.5040689,638.2188692,0
2349,240.0107077,649.4710311,0
2350,211.0475143,659.4518229,0
2351,181.6711854,668.1417068,0
2352,151.9392267,675.523672,0
2353,121.9098398,681.5832678,0
2354,91.64180869,686.3086324,0
2355,61.19438442,689.6905156,0
2356,30.62716927,691.7222972,0
2357,8.48E-14,692.4,0
2358,-30.62716927,691.7222972,0
2359,-61.19438442,689.6905156,0
2360,-91.64180869,686.3086324,0
2361,-121.9098398,681.5832678,0
2362,-151.9392267,675.523672,0
2363,-181.6711854,668.1417068,0
2364,-211.0475143,659.4518229,0
2365,-240.0107077,649.4710311,0
2366,-268.5040689,638.2188692,0
2367,-296.4718207,625.7173639,0
2368,-323.8592151,611.9909875,0
2369,-350.6126398,597.06661,0
2370,-376.6797239,580.9734466,0
2371,-402.0094396,563.7430004,0
2372,-426.5522031,545.4090007,0
2373,-450.2599705,526.0073374,0
2374,-473.0863329,505.5759899,0
2375,-494.9866066,484.1549538,0
2376,-515.9179208,461.7861616,0
2377,-535.8393014,438.5134012,0
2378,-554.7117514,414.3822303,0
2379,-572.4983272,389.4398868,0
2380,-589.1642105,363.7351963,0
2381,-604.6767773,337.3184772,0
2382,-619.0056608,310.2414412,0
2383,-632.1228117,282.5570931,0
2384,-644.0025526,254.3196262,0
2385,-654.6216282,225.5843167,0
2386,-663.9592512,196.4074153,0
2387,-671.9971428,166.8460372,0
2388,-678.7195684,136.9580501,0
2389,-684.1133686,106.8019612,0
2390,-688.1679848,76.43680243,0
2391,-690.8754798,45.92201504,0
2392,-692.2305536,15.31733314,0
2393,-692.2305536,-15.31733314,0
2394,-690.8754798,-45.92201504,0
2395,720.8680331,63.9606817,0
2396,717.3332716,95.78448433,0
2397,712.3942965,127.4207843,0
2398,706.0607761,158.8076522,0
2399,698.3451086,189.8836466,0
2400,689.2623978,220.5879348,0
2401,678.8304234,250.8604118,0
2402,667.0696066,280.6418178,0
2403,654.0029698,309.8738542,0
2404,639.6560914,338.499298,0
2405,624.0570561,366.4621136,0
2406,607.2363999,393.7075623,0
2407,589.2270499,420.18231,0
2408,570.0642603,445.8345311,0
2409,549.7855431,470.6140102,0
2410,528.4305949,494.4722402,0
2411,506.041219,517.3625176,0
2412,482.6612437,539.2400336,0
2413,458.3364363,560.0619619,0
2414,433.1144138,579.7875426,0
2415,407.0445495,598.378162,0
2416,380.1778763,615.797428,0
2417,352.5669872,632.0112416,0
2418,324.2659316,646.9878636,0
2419,295.3301102,660.6979764,0
2420,265.8161662,673.1147419,0
2421,235.7818747,684.2138537,0
2422,205.286029,693.9735847,0
2423,174.3883263,702.3748299,0
2424,143.1492502,709.4011433,0
2425,111.6299528,715.0387707,0
2426,79.89213448,719.2766761,0
2427,47.99792357,722.1065637,0
2428,16.00975447,723.5228937,0
2429,-16.00975447,723.5228937,0
2430,-47.99792357,722.1065637,0
2431,-79.89213448,719.2766761,0
2432,-111.6299528,715.0387707,0
2433,-143.1492502,709.4011433,0
2434,-174.3883263,702.3748299,0
2435,-205.286029,693.9735847,0
2436,-235.7818747,684.2138537,0
2437,-265.8161662,673.1147419,0
2438,-295.3301102,660.6979764,0
2439,-324.2659316,646.9878636,0
2440,-352.5669872,632.0112416,0
2441,-380.1778763,615.797428,0
2442,-407.0445495,598.378162,0
2443,-433.1144138,579.7875426,0
2444,-458.3364363,560.0619619,0
2445,-482.6612437,539.2400336,0
2446,-506.041219,517.3625176,0
2447,-528.4305949,494.4722402,0
2448,-549.7855431,470.6140102,0
2449,-570.0642603,445.8345311,0
2450,-589.2270499,420.18231,0
2451,-607.2363999,393.7075623,0
2452,-624.0570561,366.4621136,0
2453,-639.6560914,338.499298,0
2454,-654.0029698,309.8738542,0
2455,-667.0696066,280.6418178,0
2456,-678.8304234,250.8604118,0
2457,-689.2623978,220.5879348,0
2458,-698.3451086,189.8836466,0
2459,-706.0607761,158.8076522,0
2460,-712.3942965,127.4207843,0
2461,-717.3332716,95.78448433,0
2462,-720.8680331,63.9606817,0
2463,731.8790372,181.7137444,0
2464,723.1248863,213.909347,0
2465,712.9551846,245.6862121,0
2466,701.3898395,276.9821348,0
2467,688.451491,307.735852,0
2468,674.1654663,337.8871618,0
2469,658.559731,367.3770416,0
2470,641.6648341,396.1477636,0
2471,623.5138482,424.1430078,0
2472,604.1423047,451.3079721,0
2473,583.5881242,477.5894799,0
2474,561.8915426,502.9360838,0
2475,539.0950319,527.2981667,0
2476,515.2432173,550.6280387,0
2477,490.3827899,572.8800305,0
2478,464.5624153,594.0105827,0
2479,437.8326378,613.9783313,0
2480,410.2457824,632.7441884,0
2481,381.8558517,650.2714191,0
2482,352.7184201,666.525713,0
2483,322.8905257,681.4752515,0
2484,292.430558,695.0907702,0
2485,261.3981437,707.345616,0
2486,229.8540302,718.2157996,0
2487,197.8599667,727.680042,0
2488,165.478583,735.7198166,0
2489,132.7732672,742.3193851,0
2490,99.8080415,747.4658286,0
2491,66.64743688,751.1490725,0
2492,33.35636677,753.3619069,0
2493,9.24E-14,754.1,0
2494,-33.35636677,753.3619069,0
2495,-66.64743688,751.1490725,0
2496,-99.8080415,747.4658286,0
2497,-132.7732672,742.3193851,0
2498,-165.478583,735.7198166,0
2499,-197.8599667,727.680042,0
2500,-229.8540302,718.2157996,0
2501,-261.3981437,707.345616,0
2502,-292.430558,695.0907702,0
2503,-322.8905257,681.4752515,0
2504,-352.7184201,666.525713,0
2505,-381.8558517,650.2714191,0
2506,-410.2457824,632.7441884,0
2507,-437.8326378,613.9783313,0
2508,-464.5624153,594.0105827,0
2509,-490.3827899,572.8800305,0
2510,-515.2432173,550.6280387,0
2511,-539.0950319,527.2981667,0
2512,-561.8915426,502.9360838,0
2513,-583.5881242,477.5894799,0
2514,-604.1423047,451.3079721,0
2515,-623.5138482,424.1430078,0
2516,-641.6648341,396.1477636,0
2517,-658.559731,367.3770416,0
2518,-674.1654663,337.8871618,0
2519,-688.451491,307.735852,0
2520,-701.3898395,276.9821348,0
2521,-712.9551846,245.6862121,0
2522,-723.1248863,213.909347,0
2523,-731.8790372,181.7137444,0
2524,713.1948926,337.9196432,0
2525,697.5495196,369.1358933,0
2526,680.5386606,399.6295427,0
2527,662.1956153,429.3408984,0
2528,642.556291,458.2117992,0
2529,621.6591325,486.1857288,0
2530,599.5450472,513.2079271,0
2531,576.2573242,539.2254967,0
2532,551.8415504,564.1875071,0
2533,526.3455209,588.045094,0
2534,499.8191454,610.751555,0
2535,472.3143503,632.2624411,0
2536,443.8849778,652.5356438,0
2537,414.5866796,671.5314774,0
2538,384.4768085,689.2127565,0
2539,353.6143059,705.5448693,0
2540,322.0595868,720.4958449,0
2541,289.8744209,734.0364161,0
2542,257.1218122,746.1400765,0
2543,223.8658755,756.7831326,0
2544,190.1717108,765.9447502,0
2545,156.105276,773.6069951,0
2546,121.7332579,779.7548678,0
2547,87.12294118,784.3763339,0
2548,52.34207722,787.4623464,0
2549,17.45875118,789.0068644,0
2550,-17.45875118,789.0068644,0
2551,-52.34207722,787.4623464,0
2552,-87.12294118,784.3763339,0
2553,-121.7332579,779.7548678,0
2554,-156.105276,773.6069951,0
2555,-190.1717108,765.9447502,0
2556,-223.8658755,756.7831326,0
2557,-257.1218122,746.1400765,0
2558,-289.8744209,734.0364161,0
2559,-322.0595868,720.4958449,0
2560,-353.6143059,705.5448693,0
2561,-384.4768085,689.2127565,0
2562,-414.5866796,671.5314774,0
2563,-443.8849778,652.5356438,0
2564,-472.3143503,632.2624411,0
2565,-499.8191454,610.751555,0
2566,-526.3455209,588.045094,0
2567,-551.8415504,564.1875071,0
2568,-576.2573242,539.2254967,0
2569,-599.5450472,513.2079271,0
2570,-621.6591325,486.1857288,0
2571,-642.556291,458.2117992,0
2572,-662.1956153,429.3408984,0
2573,-680.5386606,399.6295427,0
2574,-697.5495196,369.1358933,0
2575,-713.1948926,337.9196432,0
2576,659.6615484,492.7821035,0
2577,637.2184876,521.4788194,0
2578,613.5280416,549.1547161,0
2579,588.6365856,575.7556166,0
2580,562.5928459,601.2294485,0
2581,535.4478043,625.5263454,0
2582,507.2545985,648.5987452,0
2583,478.068418,670.4014825,0
2584,447.946396,690.8918774,0
2585,416.947498,710.029819,0
2586,385.1324057,727.7778439,0
2587,352.5633986,744.1012095,0
2588,319.3042321,758.967962,0
2589,285.4200126,772.3489991,0
2590,250.97707,784.2181268,0
2591,216.042828,794.5521106,0
2592,180.685672,803.3307214,0
2593,144.9748153,810.5367746,0
2594,108.9801636,816.1561639,0
2595,72.77217813,820.1778893,0
2596,36.42173769,822.5940779,0
2597,1.01E-13,823.4,0
2598,-36.42173769,822.5940779,0
2599,-72.77217813,820.1778893,0
2600,-108.9801636,816.1561639,0
2601,-144.9748153,810.5367746,0
2602,-180.685672,803.3307214,0
2603,-216.042828,794.5521106,0
2604,-250.97707,784.2181268,0
2605,-285.4200126,772.3489991,0
2606,-319.3042321,758.967962,0
2607,-352.5633986,744.1012095,0
2608,-385.1324057,727.7778439,0
2609,-416.947498,710.029819,0
2610,-447.946396,690.8918774,0
2611,-478.068418,670.4014825,0
2612,-507.2545985,648.5987452,0
2613,-535.4478043,625.5263454,0
2614,-562.5928459,601.2294485,0
2615,-588.6365856,575.7556166,0
2616,-613.5280416,549.1547161,0
2617,-637.2184876,521.4788194,0
2618,-659.6615484,492.7821035,0
2619,544.0884792,664.8462505,0
2620,514.1475651,688.262371,0
2621,483.200183,710.3311855,0
2622,451.3069139,731.0094934,0
2623,418.5301902,750.2568159,0
2624,384.9341741,768.0354755,0
2625,350.5846313,784.3106695,0
2626,315.5488026,799.0505386,0
2627,279.8952722,812.2262287,0
2628,243.6938338,823.8119478,0
2629,207.0153532,833.7850164,0
2630,169.9316303,842.1259116,0
2631,132.5152583,848.8183058,0
2632,94.83948146,853.8490984,0
2633,56.97805187,857.2084412,0
2634,19.00508507,858.8897582,0
2635,-19.00508507,858.8897582,0
2636,-56.97805187,857.2084412,0
2637,-94.83948146,853.8490984,0
2638,-132.5152583,848.8183058,0
2639,-169.9316303,842.1259116,0
2640,-207.0153532,833.7850164,0
2641,-243.6938338,823.8119478,0
2642,-279.8952722,812.2262287,0
2643,-315.5488026,799.0505386,0
2644,-350.5846313,784.3106695,0
2645,-384.9341741,768.0354755,0
2646,-418.5301902,750.2568159,0
2647,-451.3069139,731.0094934,0
2648,-483.200183,710.3311855,0
2649,-514.1475651,688.262371,0
